unit,suite,category,encoder,threads,seconds,bytes,audio_bytes,raw_bytes,channels,sample_rate
sqam/01,sqam,alignment,vinyl -j1,1,0.570336375,1824826,1824784,17992800,2,44100
sqam/01,sqam,alignment,vinyl -j2,2,0.305423417,1824826,1824784,17992800,2,44100
sqam/01,sqam,alignment,vinyl -j4,4,0.158927625,1824826,1824784,17992800,2,44100
sqam/01,sqam,alignment,vinyl -j8,8,0.104926833,1824826,1824784,17992800,2,44100
sqam/01,sqam,alignment,vinyl decode -j1,1,0.209178917,1824826,1824784,17992800,2,44100
sqam/01,sqam,alignment,vinyl decode -j2,2,0.1176165,1824826,1824784,17992800,2,44100
sqam/01,sqam,alignment,vinyl decode -j4,4,0.064882,1824826,1824784,17992800,2,44100
sqam/01,sqam,alignment,vinyl decode -j8,8,0.049873208,1824826,1824784,17992800,2,44100
sqam/01,sqam,alignment,flac decode -j1,1,0.070818291,1824826,1824784,17992800,2,44100
sqam/01,sqam,alignment,flac -8 -j1,1,0.216710125,1808498,1800014,17992800,2,44100
sqam/01,sqam,alignment,flac -8 -j2,2,0.117283708,1808498,1800014,17992800,2,44100
sqam/01,sqam,alignment,flac -8 -j4,4,0.063052,1808498,1800014,17992800,2,44100
sqam/01,sqam,alignment,flac -8 -j8,8,0.050804125,1808498,1800014,17992800,2,44100
sqam/01,sqam,alignment,flac -5 -j1,1,0.123624375,2083943,2075459,17992800,2,44100
sqam/02,sqam,alignment,vinyl -j1,1,0.494961042,4031600,4031558,8643600,2,44100
sqam/02,sqam,alignment,vinyl -j2,2,0.263309583,4031600,4031558,8643600,2,44100
sqam/02,sqam,alignment,vinyl -j4,4,0.139131,4031600,4031558,8643600,2,44100
sqam/02,sqam,alignment,vinyl -j8,8,0.093091125,4031600,4031558,8643600,2,44100
sqam/02,sqam,alignment,vinyl decode -j1,1,0.197325125,4031600,4031558,8643600,2,44100
sqam/02,sqam,alignment,vinyl decode -j2,2,0.108891709,4031600,4031558,8643600,2,44100
sqam/02,sqam,alignment,vinyl decode -j4,4,0.05887625,4031600,4031558,8643600,2,44100
sqam/02,sqam,alignment,vinyl decode -j8,8,0.045467042,4031600,4031558,8643600,2,44100
sqam/02,sqam,alignment,flac decode -j1,1,0.04623975,4031600,4031558,8643600,2,44100
sqam/02,sqam,alignment,flac -8 -j1,1,0.148880625,3781438,3773062,8643600,2,44100
sqam/02,sqam,alignment,flac -8 -j2,2,0.080402167,3781438,3773062,8643600,2,44100
sqam/02,sqam,alignment,flac -8 -j4,4,0.044292167,3781438,3773062,8643600,2,44100
sqam/02,sqam,alignment,flac -8 -j8,8,0.035123875,3781438,3773062,8643600,2,44100
sqam/02,sqam,alignment,flac -5 -j1,1,0.07393775,3799436,3791060,8643600,2,44100
sqam/03,sqam,artificial,vinyl -j1,1,0.118848708,226606,226564,4762800,2,44100
sqam/03,sqam,artificial,vinyl -j2,2,0.064885334,226606,226564,4762800,2,44100
sqam/03,sqam,artificial,vinyl -j4,4,0.035160834,226606,226564,4762800,2,44100
sqam/03,sqam,artificial,vinyl -j8,8,0.0249865,226606,226564,4762800,2,44100
sqam/03,sqam,artificial,vinyl decode -j1,1,0.041990667,226606,226564,4762800,2,44100
sqam/03,sqam,artificial,vinyl decode -j2,2,0.024724167,226606,226564,4762800,2,44100
sqam/03,sqam,artificial,vinyl decode -j4,4,0.015183833,226606,226564,4762800,2,44100
sqam/03,sqam,artificial,vinyl decode -j8,8,0.0126245,226606,226564,4762800,2,44100
sqam/03,sqam,artificial,flac decode -j1,1,0.019345541,226606,226564,4762800,2,44100
sqam/03,sqam,artificial,flac -8 -j1,1,0.051524417,228598,220258,4762800,2,44100
sqam/03,sqam,artificial,flac -8 -j2,2,0.028802542,228598,220258,4762800,2,44100
sqam/03,sqam,artificial,flac -8 -j4,4,0.017036708,228598,220258,4762800,2,44100
sqam/03,sqam,artificial,flac -8 -j8,8,0.014519083,228598,220258,4762800,2,44100
sqam/03,sqam,artificial,flac -5 -j1,1,0.033250334,228618,220278,4762800,2,44100
sqam/04,sqam,artificial,vinyl -j1,1,0.125740459,286744,286702,4762800,2,44100
sqam/04,sqam,artificial,vinyl -j2,2,0.068256334,286744,286702,4762800,2,44100
sqam/04,sqam,artificial,vinyl -j4,4,0.036914375,286744,286702,4762800,2,44100
sqam/04,sqam,artificial,vinyl -j8,8,0.026224166,286744,286702,4762800,2,44100
sqam/04,sqam,artificial,vinyl decode -j1,1,0.046588625,286744,286702,4762800,2,44100
sqam/04,sqam,artificial,vinyl decode -j2,2,0.028265375,286744,286702,4762800,2,44100
sqam/04,sqam,artificial,vinyl decode -j4,4,0.017756125,286744,286702,4762800,2,44100
sqam/04,sqam,artificial,vinyl decode -j8,8,0.014606,286744,286702,4762800,2,44100
sqam/04,sqam,artificial,flac decode -j1,1,0.020251917,286744,286702,4762800,2,44100
sqam/04,sqam,artificial,flac -8 -j1,1,0.052585875,287094,278754,4762800,2,44100
sqam/04,sqam,artificial,flac -8 -j2,2,0.0291945,287094,278754,4762800,2,44100
sqam/04,sqam,artificial,flac -8 -j4,4,0.017277042,287094,278754,4762800,2,44100
sqam/04,sqam,artificial,flac -8 -j8,8,0.01468375,287094,278754,4762800,2,44100
sqam/04,sqam,artificial,flac -5 -j1,1,0.0329775,289191,280851,4762800,2,44100
sqam/05,sqam,artificial,vinyl -j1,1,0.14288,293073,293031,4939200,2,44100
sqam/05,sqam,artificial,vinyl -j2,2,0.077422958,293073,293031,4939200,2,44100
sqam/05,sqam,artificial,vinyl -j4,4,0.041502583,293073,293031,4939200,2,44100
sqam/05,sqam,artificial,vinyl -j8,8,0.02823225,293073,293031,4939200,2,44100
sqam/05,sqam,artificial,vinyl decode -j1,1,0.051537209,293073,293031,4939200,2,44100
sqam/05,sqam,artificial,vinyl decode -j2,2,0.029890083,293073,293031,4939200,2,44100
sqam/05,sqam,artificial,vinyl decode -j4,4,0.019037791,293073,293031,4939200,2,44100
sqam/05,sqam,artificial,vinyl decode -j8,8,0.015071209,293073,293031,4939200,2,44100
sqam/05,sqam,artificial,flac decode -j1,1,0.020797792,293073,293031,4939200,2,44100
sqam/05,sqam,artificial,flac -8 -j1,1,0.054181875,328632,320292,4939200,2,44100
sqam/05,sqam,artificial,flac -8 -j2,2,0.029820291,328632,320292,4939200,2,44100
sqam/05,sqam,artificial,flac -8 -j4,4,0.017613292,328632,320292,4939200,2,44100
sqam/05,sqam,artificial,flac -8 -j8,8,0.015244709,328632,320292,4939200,2,44100
sqam/05,sqam,artificial,flac -5 -j1,1,0.033984333,392476,384136,4939200,2,44100
sqam/06,sqam,artificial,vinyl -j1,1,0.093944583,170116,170074,4057200,2,44100
sqam/06,sqam,artificial,vinyl -j2,2,0.05145825,170116,170074,4057200,2,44100
sqam/06,sqam,artificial,vinyl -j4,4,0.028256625,170116,170074,4057200,2,44100
sqam/06,sqam,artificial,vinyl -j8,8,0.020014,170116,170074,4057200,2,44100
sqam/06,sqam,artificial,vinyl decode -j1,1,0.036736375,170116,170074,4057200,2,44100
sqam/06,sqam,artificial,vinyl decode -j2,2,0.022016292,170116,170074,4057200,2,44100
sqam/06,sqam,artificial,vinyl decode -j4,4,0.014206833,170116,170074,4057200,2,44100
sqam/06,sqam,artificial,vinyl decode -j8,8,0.01209125,170116,170074,4057200,2,44100
sqam/06,sqam,artificial,flac decode -j1,1,0.016758041,170116,170074,4057200,2,44100
sqam/06,sqam,artificial,flac -8 -j1,1,0.039542375,176833,168493,4057200,2,44100
sqam/06,sqam,artificial,flac -8 -j2,2,0.022415709,176833,168493,4057200,2,44100
sqam/06,sqam,artificial,flac -8 -j4,4,0.013472875,176833,168493,4057200,2,44100
sqam/06,sqam,artificial,flac -8 -j8,8,0.011962791,176833,168493,4057200,2,44100
sqam/06,sqam,artificial,flac -5 -j1,1,0.027443292,178887,170547,4057200,2,44100
sqam/07,sqam,artificial,vinyl -j1,1,0.285285041,910122,910080,6174000,2,44100
sqam/07,sqam,artificial,vinyl -j2,2,0.151064,910122,910080,6174000,2,44100
sqam/07,sqam,artificial,vinyl -j4,4,0.080036916,910122,910080,6174000,2,44100
sqam/07,sqam,artificial,vinyl -j8,8,0.053908542,910122,910080,6174000,2,44100
sqam/07,sqam,artificial,vinyl decode -j1,1,0.108875084,910122,910080,6174000,2,44100
sqam/07,sqam,artificial,vinyl decode -j2,2,0.0605695,910122,910080,6174000,2,44100
sqam/07,sqam,artificial,vinyl decode -j4,4,0.034291667,910122,910080,6174000,2,44100
sqam/07,sqam,artificial,vinyl decode -j8,8,0.026464333,910122,910080,6174000,2,44100
sqam/07,sqam,artificial,flac decode -j1,1,0.030952083,910122,910080,6174000,2,44100
sqam/07,sqam,artificial,flac -8 -j1,1,0.089798542,849499,841141,6174000,2,44100
sqam/07,sqam,artificial,flac -8 -j2,2,0.047856709,849499,841141,6174000,2,44100
sqam/07,sqam,artificial,flac -8 -j4,4,0.027458458,849499,841141,6174000,2,44100
sqam/07,sqam,artificial,flac -8 -j8,8,0.021872208,849499,841141,6174000,2,44100
sqam/07,sqam,artificial,flac -5 -j1,1,0.04892775,888246,879888,6174000,2,44100
sqam/08,sqam,single-instrument,vinyl -j1,1,0.675190875,5709761,5709719,12524400,2,44100
sqam/08,sqam,single-instrument,vinyl -j2,2,0.354907833,5709761,5709719,12524400,2,44100
sqam/08,sqam,single-instrument,vinyl -j4,4,0.185695791,5709761,5709719,12524400,2,44100
sqam/08,sqam,single-instrument,vinyl -j8,8,0.123557459,5709761,5709719,12524400,2,44100
sqam/08,sqam,single-instrument,vinyl decode -j1,1,0.2795465,5709761,5709719,12524400,2,44100
sqam/08,sqam,single-instrument,vinyl decode -j2,2,0.150851916,5709761,5709719,12524400,2,44100
sqam/08,sqam,single-instrument,vinyl decode -j4,4,0.082044416,5709761,5709719,12524400,2,44100
sqam/08,sqam,single-instrument,vinyl decode -j8,8,0.058737458,5709761,5709719,12524400,2,44100
sqam/08,sqam,single-instrument,flac decode -j1,1,0.065385417,5709761,5709719,12524400,2,44100
sqam/08,sqam,single-instrument,flac -8 -j1,1,0.211425791,5431204,5422774,12524400,2,44100
sqam/08,sqam,single-instrument,flac -8 -j2,2,0.110619791,5431204,5422774,12524400,2,44100
sqam/08,sqam,single-instrument,flac -8 -j4,4,0.059489542,5431204,5422774,12524400,2,44100
sqam/08,sqam,single-instrument,flac -8 -j8,8,0.047715667,5431204,5422774,12524400,2,44100
sqam/08,sqam,single-instrument,flac -5 -j1,1,0.106432625,5480897,5472467,12524400,2,44100
sqam/09,sqam,single-instrument,vinyl -j1,1,0.506107083,4287392,4287350,9878400,2,44100
sqam/09,sqam,single-instrument,vinyl -j2,2,0.265137375,4287392,4287350,9878400,2,44100
sqam/09,sqam,single-instrument,vinyl -j4,4,0.138672791,4287392,4287350,9878400,2,44100
sqam/09,sqam,single-instrument,vinyl -j8,8,0.091685583,4287392,4287350,9878400,2,44100
sqam/09,sqam,single-instrument,vinyl decode -j1,1,0.215329,4287392,4287350,9878400,2,44100
sqam/09,sqam,single-instrument,vinyl decode -j2,2,0.115621209,4287392,4287350,9878400,2,44100
sqam/09,sqam,single-instrument,vinyl decode -j4,4,0.062905125,4287392,4287350,9878400,2,44100
sqam/09,sqam,single-instrument,vinyl decode -j8,8,0.045916583,4287392,4287350,9878400,2,44100
sqam/09,sqam,single-instrument,flac decode -j1,1,0.052123542,4287392,4287350,9878400,2,44100
sqam/09,sqam,single-instrument,flac -8 -j1,1,0.161280834,4091121,4082727,9878400,2,44100
sqam/09,sqam,single-instrument,flac -8 -j2,2,0.085018875,4091121,4082727,9878400,2,44100
sqam/09,sqam,single-instrument,flac -8 -j4,4,0.046230084,4091121,4082727,9878400,2,44100
sqam/09,sqam,single-instrument,flac -8 -j8,8,0.037665167,4091121,4082727,9878400,2,44100
sqam/09,sqam,single-instrument,flac -5 -j1,1,0.083736791,4113362,4104968,9878400,2,44100
sqam/10,sqam,single-instrument,vinyl -j1,1,0.707314084,4947592,4947550,13053600,2,44100
sqam/10,sqam,single-instrument,vinyl -j2,2,0.369093459,4947592,4947550,13053600,2,44100
sqam/10,sqam,single-instrument,vinyl -j4,4,0.192680458,4947592,4947550,13053600,2,44100
sqam/10,sqam,single-instrument,vinyl -j8,8,0.126700458,4947592,4947550,13053600,2,44100
sqam/10,sqam,single-instrument,vinyl decode -j1,1,0.280225791,4947592,4947550,13053600,2,44100
sqam/10,sqam,single-instrument,vinyl decode -j2,2,0.15063325,4947592,4947550,13053600,2,44100
sqam/10,sqam,single-instrument,vinyl decode -j4,4,0.082055375,4947592,4947550,13053600,2,44100
sqam/10,sqam,single-instrument,vinyl decode -j8,8,0.058057084,4947592,4947550,13053600,2,44100
sqam/10,sqam,single-instrument,flac decode -j1,1,0.066280166,4947592,4947550,13053600,2,44100
sqam/10,sqam,single-instrument,flac -8 -j1,1,0.218597958,4624528,4616098,13053600,2,44100
sqam/10,sqam,single-instrument,flac -8 -j2,2,0.115191666,4624528,4616098,13053600,2,44100
sqam/10,sqam,single-instrument,flac -8 -j4,4,0.061802417,4624528,4616098,13053600,2,44100
sqam/10,sqam,single-instrument,flac -8 -j8,8,0.049050167,4624528,4616098,13053600,2,44100
sqam/10,sqam,single-instrument,flac -5 -j1,1,0.11060925,4659133,4650703,13053600,2,44100
sqam/11,sqam,single-instrument,vinyl -j1,1,0.616938667,3910637,3910595,11642400,2,44100
sqam/11,sqam,single-instrument,vinyl -j2,2,0.322908959,3910637,3910595,11642400,2,44100
sqam/11,sqam,single-instrument,vinyl -j4,4,0.168589625,3910637,3910595,11642400,2,44100
sqam/11,sqam,single-instrument,vinyl -j8,8,0.110843125,3910637,3910595,11642400,2,44100
sqam/11,sqam,single-instrument,vinyl decode -j1,1,0.244857041,3910637,3910595,11642400,2,44100
sqam/11,sqam,single-instrument,vinyl decode -j2,2,0.131533708,3910637,3910595,11642400,2,44100
sqam/11,sqam,single-instrument,vinyl decode -j4,4,0.071607042,3910637,3910595,11642400,2,44100
sqam/11,sqam,single-instrument,vinyl decode -j8,8,0.051760292,3910637,3910595,11642400,2,44100
sqam/11,sqam,single-instrument,flac decode -j1,1,0.059494708,3910637,3910595,11642400,2,44100
sqam/11,sqam,single-instrument,flac -8 -j1,1,0.192497666,3632219,3623807,11642400,2,44100
sqam/11,sqam,single-instrument,flac -8 -j2,2,0.101276792,3632219,3623807,11642400,2,44100
sqam/11,sqam,single-instrument,flac -8 -j4,4,0.055143625,3632219,3623807,11642400,2,44100
sqam/11,sqam,single-instrument,flac -8 -j8,8,0.044173208,3632219,3623807,11642400,2,44100
sqam/11,sqam,single-instrument,flac -5 -j1,1,0.097493666,3651519,3643107,11642400,2,44100
sqam/12,sqam,single-instrument,vinyl -j1,1,0.251125292,1733655,1733613,4762800,2,44100
sqam/12,sqam,single-instrument,vinyl -j2,2,0.13249575,1733655,1733613,4762800,2,44100
sqam/12,sqam,single-instrument,vinyl -j4,4,0.070581708,1733655,1733613,4762800,2,44100
sqam/12,sqam,single-instrument,vinyl -j8,8,0.047400708,1733655,1733613,4762800,2,44100
sqam/12,sqam,single-instrument,vinyl decode -j1,1,0.100195625,1733655,1733613,4762800,2,44100
sqam/12,sqam,single-instrument,vinyl decode -j2,2,0.055221292,1733655,1733613,4762800,2,44100
sqam/12,sqam,single-instrument,vinyl decode -j4,4,0.031541208,1733655,1733613,4762800,2,44100
sqam/12,sqam,single-instrument,vinyl decode -j8,8,0.024028875,1733655,1733613,4762800,2,44100
sqam/12,sqam,single-instrument,flac decode -j1,1,0.026602417,1733655,1733613,4762800,2,44100
sqam/12,sqam,single-instrument,flac -8 -j1,1,0.080650833,1621705,1613365,4762800,2,44100
sqam/12,sqam,single-instrument,flac -8 -j2,2,0.043339917,1621705,1613365,4762800,2,44100
sqam/12,sqam,single-instrument,flac -8 -j4,4,0.024402792,1621705,1613365,4762800,2,44100
sqam/12,sqam,single-instrument,flac -8 -j8,8,0.02016825,1621705,1613365,4762800,2,44100
sqam/12,sqam,single-instrument,flac -5 -j1,1,0.041601542,1650037,1641697,4762800,2,44100
sqam/13,sqam,single-instrument,vinyl -j1,1,0.403012792,2785104,2785062,8114400,2,44100
sqam/13,sqam,single-instrument,vinyl -j2,2,0.211429833,2785104,2785062,8114400,2,44100
sqam/13,sqam,single-instrument,vinyl -j4,4,0.111147875,2785104,2785062,8114400,2,44100
sqam/13,sqam,single-instrument,vinyl -j8,8,0.072725,2785104,2785062,8114400,2,44100
sqam/13,sqam,single-instrument,vinyl decode -j1,1,0.1653255,2785104,2785062,8114400,2,44100
sqam/13,sqam,single-instrument,vinyl decode -j2,2,0.090358583,2785104,2785062,8114400,2,44100
sqam/13,sqam,single-instrument,vinyl decode -j4,4,0.049532542,2785104,2785062,8114400,2,44100
sqam/13,sqam,single-instrument,vinyl decode -j8,8,0.036244875,2785104,2785062,8114400,2,44100
sqam/13,sqam,single-instrument,flac decode -j1,1,0.042529333,2785104,2785062,8114400,2,44100
sqam/13,sqam,single-instrument,flac -8 -j1,1,0.128894541,2601401,2593025,8114400,2,44100
sqam/13,sqam,single-instrument,flac -8 -j2,2,0.068589625,2601401,2593025,8114400,2,44100
sqam/13,sqam,single-instrument,flac -8 -j4,4,0.038023291,2601401,2593025,8114400,2,44100
sqam/13,sqam,single-instrument,flac -8 -j8,8,0.030837792,2601401,2593025,8114400,2,44100
sqam/13,sqam,single-instrument,flac -5 -j1,1,0.06696875,2632603,2624227,8114400,2,44100
sqam/14,sqam,single-instrument,vinyl -j1,1,0.448981917,3429335,3429293,8643600,2,44100
sqam/14,sqam,single-instrument,vinyl -j2,2,0.235475167,3429335,3429293,8643600,2,44100
sqam/14,sqam,single-instrument,vinyl -j4,4,0.123908,3429335,3429293,8643600,2,44100
sqam/14,sqam,single-instrument,vinyl -j8,8,0.08306425,3429335,3429293,8643600,2,44100
sqam/14,sqam,single-instrument,vinyl decode -j1,1,0.184493375,3429335,3429293,8643600,2,44100
sqam/14,sqam,single-instrument,vinyl decode -j2,2,0.100037041,3429335,3429293,8643600,2,44100
sqam/14,sqam,single-instrument,vinyl decode -j4,4,0.054231208,3429335,3429293,8643600,2,44100
sqam/14,sqam,single-instrument,vinyl decode -j8,8,0.054204209,3429335,3429293,8643600,2,44100
sqam/14,sqam,single-instrument,flac decode -j1,1,0.04483875,3429335,3429293,8643600,2,44100
sqam/14,sqam,single-instrument,flac -8 -j1,1,0.140654666,3227663,3219287,8643600,2,44100
sqam/14,sqam,single-instrument,flac -8 -j2,2,0.073847584,3227663,3219287,8643600,2,44100
sqam/14,sqam,single-instrument,flac -8 -j4,4,0.040747208,3227663,3219287,8643600,2,44100
sqam/14,sqam,single-instrument,flac -8 -j8,8,0.032560917,3227663,3219287,8643600,2,44100
sqam/14,sqam,single-instrument,flac -5 -j1,1,0.073006833,3261498,3253122,8643600,2,44100
sqam/15,sqam,single-instrument,vinyl -j1,1,0.220576667,1629239,1629197,4233600,2,44100
sqam/15,sqam,single-instrument,vinyl -j2,2,0.115634,1629239,1629197,4233600,2,44100
sqam/15,sqam,single-instrument,vinyl -j4,4,0.061815375,1629239,1629197,4233600,2,44100
sqam/15,sqam,single-instrument,vinyl -j8,8,0.042580625,1629239,1629197,4233600,2,44100
sqam/15,sqam,single-instrument,vinyl decode -j1,1,0.090928166,1629239,1629197,4233600,2,44100
sqam/15,sqam,single-instrument,vinyl decode -j2,2,0.050445875,1629239,1629197,4233600,2,44100
sqam/15,sqam,single-instrument,vinyl decode -j4,4,0.0291715,1629239,1629197,4233600,2,44100
sqam/15,sqam,single-instrument,vinyl decode -j8,8,0.022468708,1629239,1629197,4233600,2,44100
sqam/15,sqam,single-instrument,flac decode -j1,1,0.023801791,1629239,1629197,4233600,2,44100
sqam/15,sqam,single-instrument,flac -8 -j1,1,0.070981167,1555056,1546716,4233600,2,44100
sqam/15,sqam,single-instrument,flac -8 -j2,2,0.038307,1555056,1546716,4233600,2,44100
sqam/15,sqam,single-instrument,flac -8 -j4,4,0.02235825,1555056,1546716,4233600,2,44100
sqam/15,sqam,single-instrument,flac -8 -j8,8,0.018109875,1555056,1546716,4233600,2,44100
sqam/15,sqam,single-instrument,flac -5 -j1,1,0.0373905,1569311,1560971,4233600,2,44100
sqam/16,sqam,single-instrument,vinyl -j1,1,0.33729275,2395439,2395397,6879600,2,44100
sqam/16,sqam,single-instrument,vinyl -j2,2,0.176763083,2395439,2395397,6879600,2,44100
sqam/16,sqam,single-instrument,vinyl -j4,4,0.093574417,2395439,2395397,6879600,2,44100
sqam/16,sqam,single-instrument,vinyl -j8,8,0.0619335,2395439,2395397,6879600,2,44100
sqam/16,sqam,single-instrument,vinyl decode -j1,1,0.130773875,2395439,2395397,6879600,2,44100
sqam/16,sqam,single-instrument,vinyl decode -j2,2,0.071743292,2395439,2395397,6879600,2,44100
sqam/16,sqam,single-instrument,vinyl decode -j4,4,0.040258042,2395439,2395397,6879600,2,44100
sqam/16,sqam,single-instrument,vinyl decode -j8,8,0.030251709,2395439,2395397,6879600,2,44100
sqam/16,sqam,single-instrument,flac decode -j1,1,0.034346667,2395439,2395397,6879600,2,44100
sqam/16,sqam,single-instrument,flac -8 -j1,1,0.105942584,2244538,2236180,6879600,2,44100
sqam/16,sqam,single-instrument,flac -8 -j2,2,0.056838458,2244538,2236180,6879600,2,44100
sqam/16,sqam,single-instrument,flac -8 -j4,4,0.0320585,2244538,2236180,6879600,2,44100
sqam/16,sqam,single-instrument,flac -8 -j8,8,0.026339333,2244538,2236180,6879600,2,44100
sqam/16,sqam,single-instrument,flac -5 -j1,1,0.05683425,2269543,2261185,6879600,2,44100
sqam/17,sqam,single-instrument,vinyl -j1,1,0.21871125,1643301,1643259,4057200,2,44100
sqam/17,sqam,single-instrument,vinyl -j2,2,0.116189042,1643301,1643259,4057200,2,44100
sqam/17,sqam,single-instrument,vinyl -j4,4,0.062596042,1643301,1643259,4057200,2,44100
sqam/17,sqam,single-instrument,vinyl -j8,8,0.0424675,1643301,1643259,4057200,2,44100
sqam/17,sqam,single-instrument,vinyl decode -j1,1,0.087345292,1643301,1643259,4057200,2,44100
sqam/17,sqam,single-instrument,vinyl decode -j2,2,0.048399541,1643301,1643259,4057200,2,44100
sqam/17,sqam,single-instrument,vinyl decode -j4,4,0.028219209,1643301,1643259,4057200,2,44100
sqam/17,sqam,single-instrument,vinyl decode -j8,8,0.022074458,1643301,1643259,4057200,2,44100
sqam/17,sqam,single-instrument,flac decode -j1,1,0.023142333,1643301,1643259,4057200,2,44100
sqam/17,sqam,single-instrument,flac -8 -j1,1,0.068944584,1546913,1538573,4057200,2,44100
sqam/17,sqam,single-instrument,flac -8 -j2,2,0.037453042,1546913,1538573,4057200,2,44100
sqam/17,sqam,single-instrument,flac -8 -j4,4,0.021608917,1546913,1538573,4057200,2,44100
sqam/17,sqam,single-instrument,flac -8 -j8,8,0.017243,1546913,1538573,4057200,2,44100
sqam/17,sqam,single-instrument,flac -5 -j1,1,0.0364215,1554288,1545948,4057200,2,44100
sqam/18,sqam,single-instrument,vinyl -j1,1,0.321163458,2009912,2009870,6703200,2,44100
sqam/18,sqam,single-instrument,vinyl -j2,2,0.169151,2009912,2009870,6703200,2,44100
sqam/18,sqam,single-instrument,vinyl -j4,4,0.089023542,2009912,2009870,6703200,2,44100
sqam/18,sqam,single-instrument,vinyl -j8,8,0.061180542,2009912,2009870,6703200,2,44100
sqam/18,sqam,single-instrument,vinyl decode -j1,1,0.131670959,2009912,2009870,6703200,2,44100
sqam/18,sqam,single-instrument,vinyl decode -j2,2,0.071893333,2009912,2009870,6703200,2,44100
sqam/18,sqam,single-instrument,vinyl decode -j4,4,0.040578083,2009912,2009870,6703200,2,44100
sqam/18,sqam,single-instrument,vinyl decode -j8,8,0.030485625,2009912,2009870,6703200,2,44100
sqam/18,sqam,single-instrument,flac decode -j1,1,0.033983334,2009912,2009870,6703200,2,44100
sqam/18,sqam,single-instrument,flac -8 -j1,1,0.103543084,1894896,1886538,6703200,2,44100
sqam/18,sqam,single-instrument,flac -8 -j2,2,0.055418416,1894896,1886538,6703200,2,44100
sqam/18,sqam,single-instrument,flac -8 -j4,4,0.030860667,1894896,1886538,6703200,2,44100
sqam/18,sqam,single-instrument,flac -8 -j8,8,0.025255125,1894896,1886538,6703200,2,44100
sqam/18,sqam,single-instrument,flac -5 -j1,1,0.054503791,1911374,1903016,6703200,2,44100
sqam/19,sqam,single-instrument,vinyl -j1,1,0.204087,1217849,1217807,3880800,2,44100
sqam/19,sqam,single-instrument,vinyl -j2,2,0.108059375,1217849,1217807,3880800,2,44100
sqam/19,sqam,single-instrument,vinyl -j4,4,0.057975208,1217849,1217807,3880800,2,44100
sqam/19,sqam,single-instrument,vinyl -j8,8,0.038855583,1217849,1217807,3880800,2,44100
sqam/19,sqam,single-instrument,vinyl decode -j1,1,0.080303416,1217849,1217807,3880800,2,44100
sqam/19,sqam,single-instrument,vinyl decode -j2,2,0.044934416,1217849,1217807,3880800,2,44100
sqam/19,sqam,single-instrument,vinyl decode -j4,4,0.026129167,1217849,1217807,3880800,2,44100
sqam/19,sqam,single-instrument,vinyl decode -j8,8,0.020433459,1217849,1217807,3880800,2,44100
sqam/19,sqam,single-instrument,flac decode -j1,1,0.021895625,1217849,1217807,3880800,2,44100
sqam/19,sqam,single-instrument,flac -8 -j1,1,0.065257625,1156091,1147751,3880800,2,44100
sqam/19,sqam,single-instrument,flac -8 -j2,2,0.035691166,1156091,1147751,3880800,2,44100
sqam/19,sqam,single-instrument,flac -8 -j4,4,0.020523167,1156091,1147751,3880800,2,44100
sqam/19,sqam,single-instrument,flac -8 -j8,8,0.01706625,1156091,1147751,3880800,2,44100
sqam/19,sqam,single-instrument,flac -5 -j1,1,0.034435667,1162046,1153706,3880800,2,44100
sqam/20,sqam,single-instrument,vinyl -j1,1,0.334341375,2218922,2218880,6879600,2,44100
sqam/20,sqam,single-instrument,vinyl -j2,2,0.176147958,2218922,2218880,6879600,2,44100
sqam/20,sqam,single-instrument,vinyl -j4,4,0.092568791,2218922,2218880,6879600,2,44100
sqam/20,sqam,single-instrument,vinyl -j8,8,0.061251083,2218922,2218880,6879600,2,44100
sqam/20,sqam,single-instrument,vinyl decode -j1,1,0.135844,2218922,2218880,6879600,2,44100
sqam/20,sqam,single-instrument,vinyl decode -j2,2,0.073527917,2218922,2218880,6879600,2,44100
sqam/20,sqam,single-instrument,vinyl decode -j4,4,0.041373834,2218922,2218880,6879600,2,44100
sqam/20,sqam,single-instrument,vinyl decode -j8,8,0.031133375,2218922,2218880,6879600,2,44100
sqam/20,sqam,single-instrument,flac decode -j1,1,0.035306375,2218922,2218880,6879600,2,44100
sqam/20,sqam,single-instrument,flac -8 -j1,1,0.108052875,2097849,2089491,6879600,2,44100
sqam/20,sqam,single-instrument,flac -8 -j2,2,0.057579375,2097849,2089491,6879600,2,44100
sqam/20,sqam,single-instrument,flac -8 -j4,4,0.031954375,2097849,2089491,6879600,2,44100
sqam/20,sqam,single-instrument,flac -8 -j8,8,0.026092917,2097849,2089491,6879600,2,44100
sqam/20,sqam,single-instrument,flac -5 -j1,1,0.057161542,2112293,2103935,6879600,2,44100
sqam/21,sqam,single-instrument,vinyl -j1,1,0.302342583,1607912,1607870,6350400,2,44100
sqam/21,sqam,single-instrument,vinyl -j2,2,0.159331792,1607912,1607870,6350400,2,44100
sqam/21,sqam,single-instrument,vinyl -j4,4,0.08392475,1607912,1607870,6350400,2,44100
sqam/21,sqam,single-instrument,vinyl -j8,8,0.055653584,1607912,1607870,6350400,2,44100
sqam/21,sqam,single-instrument,vinyl decode -j1,1,0.117586166,1607912,1607870,6350400,2,44100
sqam/21,sqam,single-instrument,vinyl decode -j2,2,0.064409417,1607912,1607870,6350400,2,44100
sqam/21,sqam,single-instrument,vinyl decode -j4,4,0.036508167,1607912,1607870,6350400,2,44100
sqam/21,sqam,single-instrument,vinyl decode -j8,8,0.027661375,1607912,1607870,6350400,2,44100
sqam/21,sqam,single-instrument,flac decode -j1,1,0.032008583,1607912,1607870,6350400,2,44100
sqam/21,sqam,single-instrument,flac -8 -j1,1,0.094927625,1525247,1516889,6350400,2,44100
sqam/21,sqam,single-instrument,flac -8 -j2,2,0.05078275,1525247,1516889,6350400,2,44100
sqam/21,sqam,single-instrument,flac -8 -j4,4,0.028644167,1525247,1516889,6350400,2,44100
sqam/21,sqam,single-instrument,flac -8 -j8,8,0.023416125,1525247,1516889,6350400,2,44100
sqam/21,sqam,single-instrument,flac -5 -j1,1,0.051875334,1534455,1526097,6350400,2,44100
sqam/22,sqam,single-instrument,vinyl -j1,1,0.334924459,1489454,1489412,7056000,2,44100
sqam/22,sqam,single-instrument,vinyl -j2,2,0.175952458,1489454,1489412,7056000,2,44100
sqam/22,sqam,single-instrument,vinyl -j4,4,0.092789792,1489454,1489412,7056000,2,44100
sqam/22,sqam,single-instrument,vinyl -j8,8,0.061290667,1489454,1489412,7056000,2,44100
sqam/22,sqam,single-instrument,vinyl decode -j1,1,0.1345755,1489454,1489412,7056000,2,44100
sqam/22,sqam,single-instrument,vinyl decode -j2,2,0.073156792,1489454,1489412,7056000,2,44100
sqam/22,sqam,single-instrument,vinyl decode -j4,4,0.041111959,1489454,1489412,7056000,2,44100
sqam/22,sqam,single-instrument,vinyl decode -j8,8,0.031199459,1489454,1489412,7056000,2,44100
sqam/22,sqam,single-instrument,flac decode -j1,1,0.036368958,1489454,1489412,7056000,2,44100
sqam/22,sqam,single-instrument,flac -8 -j1,1,0.106644125,1396023,1387665,7056000,2,44100
sqam/22,sqam,single-instrument,flac -8 -j2,2,0.05658975,1396023,1387665,7056000,2,44100
sqam/22,sqam,single-instrument,flac -8 -j4,4,0.031882041,1396023,1387665,7056000,2,44100
sqam/22,sqam,single-instrument,flac -8 -j8,8,0.025884791,1396023,1387665,7056000,2,44100
sqam/22,sqam,single-instrument,flac -5 -j1,1,0.057441791,1404960,1396602,7056000,2,44100
sqam/23,sqam,single-instrument,vinyl -j1,1,0.367594875,1709500,1709458,7761600,2,44100
sqam/23,sqam,single-instrument,vinyl -j2,2,0.19274925,1709500,1709458,7761600,2,44100
sqam/23,sqam,single-instrument,vinyl -j4,4,0.101909667,1709500,1709458,7761600,2,44100
sqam/23,sqam,single-instrument,vinyl -j8,8,0.066446917,1709500,1709458,7761600,2,44100
sqam/23,sqam,single-instrument,vinyl decode -j1,1,0.14952725,1709500,1709458,7761600,2,44100
sqam/23,sqam,single-instrument,vinyl decode -j2,2,0.081488708,1709500,1709458,7761600,2,44100
sqam/23,sqam,single-instrument,vinyl decode -j4,4,0.045373333,1709500,1709458,7761600,2,44100
sqam/23,sqam,single-instrument,vinyl decode -j8,8,0.033701208,1709500,1709458,7761600,2,44100
sqam/23,sqam,single-instrument,flac decode -j1,1,0.0392645,1709500,1709458,7761600,2,44100
sqam/23,sqam,single-instrument,flac -8 -j1,1,0.119307083,1565657,1557281,7761600,2,44100
sqam/23,sqam,single-instrument,flac -8 -j2,2,0.06301875,1565657,1557281,7761600,2,44100
sqam/23,sqam,single-instrument,flac -8 -j4,4,0.035098375,1565657,1557281,7761600,2,44100
sqam/23,sqam,single-instrument,flac -8 -j8,8,0.028822875,1565657,1557281,7761600,2,44100
sqam/23,sqam,single-instrument,flac -5 -j1,1,0.063094333,1585938,1577562,7761600,2,44100
sqam/24,sqam,single-instrument,vinyl -j1,1,0.419724166,1599056,1599014,8643600,2,44100
sqam/24,sqam,single-instrument,vinyl -j2,2,0.22294425,1599056,1599014,8643600,2,44100
sqam/24,sqam,single-instrument,vinyl -j4,4,0.1143575,1599056,1599014,8643600,2,44100
sqam/24,sqam,single-instrument,vinyl -j8,8,0.076366833,1599056,1599014,8643600,2,44100
sqam/24,sqam,single-instrument,vinyl decode -j1,1,0.16556925,1599056,1599014,8643600,2,44100
sqam/24,sqam,single-instrument,vinyl decode -j2,2,0.089583333,1599056,1599014,8643600,2,44100
sqam/24,sqam,single-instrument,vinyl decode -j4,4,0.049609167,1599056,1599014,8643600,2,44100
sqam/24,sqam,single-instrument,vinyl decode -j8,8,0.036762708,1599056,1599014,8643600,2,44100
sqam/24,sqam,single-instrument,flac decode -j1,1,0.0445,1599056,1599014,8643600,2,44100
sqam/24,sqam,single-instrument,flac -8 -j1,1,0.129779708,1481031,1472655,8643600,2,44100
sqam/24,sqam,single-instrument,flac -8 -j2,2,0.06908575,1481031,1472655,8643600,2,44100
sqam/24,sqam,single-instrument,flac -8 -j4,4,0.038205792,1481031,1472655,8643600,2,44100
sqam/24,sqam,single-instrument,flac -8 -j8,8,0.031386625,1481031,1472655,8643600,2,44100
sqam/24,sqam,single-instrument,flac -5 -j1,1,0.070100916,1493723,1485347,8643600,2,44100
sqam/25,sqam,single-instrument,vinyl -j1,1,0.596029208,2838556,2838514,11995200,2,44100
sqam/25,sqam,single-instrument,vinyl -j2,2,0.3114465,2838556,2838514,11995200,2,44100
sqam/25,sqam,single-instrument,vinyl -j4,4,0.162725542,2838556,2838514,11995200,2,44100
sqam/25,sqam,single-instrument,vinyl -j8,8,0.10625025,2838556,2838514,11995200,2,44100
sqam/25,sqam,single-instrument,vinyl decode -j1,1,0.2321435,2838556,2838514,11995200,2,44100
sqam/25,sqam,single-instrument,vinyl decode -j2,2,0.125347916,2838556,2838514,11995200,2,44100
sqam/25,sqam,single-instrument,vinyl decode -j4,4,0.068525625,2838556,2838514,11995200,2,44100
sqam/25,sqam,single-instrument,vinyl decode -j8,8,0.050304375,2838556,2838514,11995200,2,44100
sqam/25,sqam,single-instrument,flac decode -j1,1,0.059228584,2838556,2838514,11995200,2,44100
sqam/25,sqam,single-instrument,flac -8 -j1,1,0.188851375,2601921,2593509,11995200,2,44100
sqam/25,sqam,single-instrument,flac -8 -j2,2,0.098590791,2601921,2593509,11995200,2,44100
sqam/25,sqam,single-instrument,flac -8 -j4,4,0.053735708,2601921,2593509,11995200,2,44100
sqam/25,sqam,single-instrument,flac -8 -j8,8,0.042742833,2601921,2593509,11995200,2,44100
sqam/25,sqam,single-instrument,flac -5 -j1,1,0.096727125,2623433,2615021,11995200,2,44100
sqam/26,sqam,single-instrument,vinyl -j1,1,0.331979042,1348428,1348386,6879600,2,44100
sqam/26,sqam,single-instrument,vinyl -j2,2,0.174668,1348428,1348386,6879600,2,44100
sqam/26,sqam,single-instrument,vinyl -j4,4,0.092220667,1348428,1348386,6879600,2,44100
sqam/26,sqam,single-instrument,vinyl -j8,8,0.06016075,1348428,1348386,6879600,2,44100
sqam/26,sqam,single-instrument,vinyl decode -j1,1,0.120343792,1348428,1348386,6879600,2,44100
sqam/26,sqam,single-instrument,vinyl decode -j2,2,0.066210834,1348428,1348386,6879600,2,44100
sqam/26,sqam,single-instrument,vinyl decode -j4,4,0.037497334,1348428,1348386,6879600,2,44100
sqam/26,sqam,single-instrument,vinyl decode -j8,8,0.028331417,1348428,1348386,6879600,2,44100
sqam/26,sqam,single-instrument,flac decode -j1,1,0.034115916,1348428,1348386,6879600,2,44100
sqam/26,sqam,single-instrument,flac -8 -j1,1,0.105186416,1259749,1251391,6879600,2,44100
sqam/26,sqam,single-instrument,flac -8 -j2,2,0.055753625,1259749,1251391,6879600,2,44100
sqam/26,sqam,single-instrument,flac -8 -j4,4,0.031122209,1259749,1251391,6879600,2,44100
sqam/26,sqam,single-instrument,flac -8 -j8,8,0.025457542,1259749,1251391,6879600,2,44100
sqam/26,sqam,single-instrument,flac -5 -j1,1,0.055796584,1289683,1281325,6879600,2,44100
sqam/27,sqam,single-instrument,vinyl -j1,1,0.174473667,1341034,1340992,3528000,2,44100
sqam/27,sqam,single-instrument,vinyl -j2,2,0.093125709,1341034,1340992,3528000,2,44100
sqam/27,sqam,single-instrument,vinyl -j4,4,0.050154459,1341034,1340992,3528000,2,44100
sqam/27,sqam,single-instrument,vinyl -j8,8,0.033594417,1341034,1340992,3528000,2,44100
sqam/27,sqam,single-instrument,vinyl decode -j1,1,0.069126709,1341034,1340992,3528000,2,44100
sqam/27,sqam,single-instrument,vinyl decode -j2,2,0.039313083,1341034,1340992,3528000,2,44100
sqam/27,sqam,single-instrument,vinyl decode -j4,4,0.023484042,1341034,1340992,3528000,2,44100
sqam/27,sqam,single-instrument,vinyl decode -j8,8,0.018274708,1341034,1340992,3528000,2,44100
sqam/27,sqam,single-instrument,flac decode -j1,1,0.019230458,1341034,1340992,3528000,2,44100
sqam/27,sqam,single-instrument,flac -8 -j1,1,0.056908084,1218654,1210332,3528000,2,44100
sqam/27,sqam,single-instrument,flac -8 -j2,2,0.03120875,1218654,1210332,3528000,2,44100
sqam/27,sqam,single-instrument,flac -8 -j4,4,0.018244125,1218654,1210332,3528000,2,44100
sqam/27,sqam,single-instrument,flac -8 -j8,8,0.015094792,1218654,1210332,3528000,2,44100
sqam/27,sqam,single-instrument,flac -5 -j1,1,0.03087375,1312953,1304631,3528000,2,44100
sqam/28,sqam,single-instrument,vinyl -j1,1,0.626290083,3563911,3563869,13406400,2,44100
sqam/28,sqam,single-instrument,vinyl -j2,2,0.326529625,3563911,3563869,13406400,2,44100
sqam/28,sqam,single-instrument,vinyl -j4,4,0.170719458,3563911,3563869,13406400,2,44100
sqam/28,sqam,single-instrument,vinyl -j8,8,0.110901083,3563911,3563869,13406400,2,44100
sqam/28,sqam,single-instrument,vinyl decode -j1,1,0.233682375,3563911,3563869,13406400,2,44100
sqam/28,sqam,single-instrument,vinyl decode -j2,2,0.126853708,3563911,3563869,13406400,2,44100
sqam/28,sqam,single-instrument,vinyl decode -j4,4,0.069085458,3563911,3563869,13406400,2,44100
sqam/28,sqam,single-instrument,vinyl decode -j8,8,0.051430291,3563911,3563869,13406400,2,44100
sqam/28,sqam,single-instrument,flac decode -j1,1,0.06314,3563911,3563869,13406400,2,44100
sqam/28,sqam,single-instrument,flac -8 -j1,1,0.198097416,3355150,3346720,13406400,2,44100
sqam/28,sqam,single-instrument,flac -8 -j2,2,0.103472,3355150,3346720,13406400,2,44100
sqam/28,sqam,single-instrument,flac -8 -j4,4,0.056068083,3355150,3346720,13406400,2,44100
sqam/28,sqam,single-instrument,flac -8 -j8,8,0.044712459,3355150,3346720,13406400,2,44100
sqam/28,sqam,single-instrument,flac -5 -j1,1,0.105876584,3378173,3369743,13406400,2,44100
sqam/29,sqam,single-instrument,vinyl -j1,1,0.191553792,582430,582388,4233600,2,44100
sqam/29,sqam,single-instrument,vinyl -j2,2,0.101379541,582430,582388,4233600,2,44100
sqam/29,sqam,single-instrument,vinyl -j4,4,0.054487458,582430,582388,4233600,2,44100
sqam/29,sqam,single-instrument,vinyl -j8,8,0.036677459,582430,582388,4233600,2,44100
sqam/29,sqam,single-instrument,vinyl decode -j1,1,0.067651625,582430,582388,4233600,2,44100
sqam/29,sqam,single-instrument,vinyl decode -j2,2,0.038353125,582430,582388,4233600,2,44100
sqam/29,sqam,single-instrument,vinyl decode -j4,4,0.022642375,582430,582388,4233600,2,44100
sqam/29,sqam,single-instrument,vinyl decode -j8,8,0.017906458,582430,582388,4233600,2,44100
sqam/29,sqam,single-instrument,flac decode -j1,1,0.021098958,582430,582388,4233600,2,44100
sqam/29,sqam,single-instrument,flac -8 -j1,1,0.0618365,556671,548331,4233600,2,44100
sqam/29,sqam,single-instrument,flac -8 -j2,2,0.035199416,556671,548331,4233600,2,44100
sqam/29,sqam,single-instrument,flac -8 -j4,4,0.019289917,556671,548331,4233600,2,44100
sqam/29,sqam,single-instrument,flac -8 -j8,8,0.01649975,556671,548331,4233600,2,44100
sqam/29,sqam,single-instrument,flac -5 -j1,1,0.035065417,557018,548678,4233600,2,44100
sqam/30,sqam,single-instrument,vinyl -j1,1,0.235904625,724773,724731,4586400,2,44100
sqam/30,sqam,single-instrument,vinyl -j2,2,0.124460375,724773,724731,4586400,2,44100
sqam/30,sqam,single-instrument,vinyl -j4,4,0.066520167,724773,724731,4586400,2,44100
sqam/30,sqam,single-instrument,vinyl -j8,8,0.0444965,724773,724731,4586400,2,44100
sqam/30,sqam,single-instrument,vinyl decode -j1,1,0.085035833,724773,724731,4586400,2,44100
sqam/30,sqam,single-instrument,vinyl decode -j2,2,0.04759575,724773,724731,4586400,2,44100
sqam/30,sqam,single-instrument,vinyl decode -j4,4,0.028095542,724773,724731,4586400,2,44100
sqam/30,sqam,single-instrument,vinyl decode -j8,8,0.021743083,724773,724731,4586400,2,44100
sqam/30,sqam,single-instrument,flac decode -j1,1,0.025338125,724773,724731,4586400,2,44100
sqam/30,sqam,single-instrument,flac -8 -j1,1,0.0721055,697026,688686,4586400,2,44100
sqam/30,sqam,single-instrument,flac -8 -j2,2,0.039549708,697026,688686,4586400,2,44100
sqam/30,sqam,single-instrument,flac -8 -j4,4,0.022450834,697026,688686,4586400,2,44100
sqam/30,sqam,single-instrument,flac -8 -j8,8,0.018426041,697026,688686,4586400,2,44100
sqam/30,sqam,single-instrument,flac -5 -j1,1,0.038532458,699518,691178,4586400,2,44100
sqam/31,sqam,single-instrument,vinyl -j1,1,1.118080125,5748508,5748466,21873600,2,44100
sqam/31,sqam,single-instrument,vinyl -j2,2,0.578251375,5748508,5748466,21873600,2,44100
sqam/31,sqam,single-instrument,vinyl -j4,4,0.301279417,5748508,5748466,21873600,2,44100
sqam/31,sqam,single-instrument,vinyl -j8,8,0.195005959,5748508,5748466,21873600,2,44100
sqam/31,sqam,single-instrument,vinyl decode -j1,1,0.431410041,5748508,5748466,21873600,2,44100
sqam/31,sqam,single-instrument,vinyl decode -j2,2,0.23022925,5748508,5748466,21873600,2,44100
sqam/31,sqam,single-instrument,vinyl decode -j4,4,0.123477375,5748508,5748466,21873600,2,44100
sqam/31,sqam,single-instrument,vinyl decode -j8,8,0.088704458,5748508,5748466,21873600,2,44100
sqam/31,sqam,single-instrument,flac decode -j1,1,0.104292416,5748508,5748466,21873600,2,44100
sqam/31,sqam,single-instrument,flac -8 -j1,1,0.339977542,5457474,5448954,21873600,2,44100
sqam/31,sqam,single-instrument,flac -8 -j2,2,0.174611834,5457474,5448954,21873600,2,44100
sqam/31,sqam,single-instrument,flac -8 -j4,4,0.0934475,5457474,5448954,21873600,2,44100
sqam/31,sqam,single-instrument,flac -8 -j8,8,0.072715041,5457474,5448954,21873600,2,44100
sqam/31,sqam,single-instrument,flac -5 -j1,1,0.175827042,5481614,5473094,21873600,2,44100
sqam/32,sqam,single-instrument,vinyl -j1,1,0.6954045,4025180,4025138,13053600,2,44100
sqam/32,sqam,single-instrument,vinyl -j2,2,0.359900292,4025180,4025138,13053600,2,44100
sqam/32,sqam,single-instrument,vinyl -j4,4,0.188034959,4025180,4025138,13053600,2,44100
sqam/32,sqam,single-instrument,vinyl -j8,8,0.1213565,4025180,4025138,13053600,2,44100
sqam/32,sqam,single-instrument,vinyl decode -j1,1,0.2707845,4025180,4025138,13053600,2,44100
sqam/32,sqam,single-instrument,vinyl decode -j2,2,0.145074625,4025180,4025138,13053600,2,44100
sqam/32,sqam,single-instrument,vinyl decode -j4,4,0.078074833,4025180,4025138,13053600,2,44100
sqam/32,sqam,single-instrument,vinyl decode -j8,8,0.055743125,4025180,4025138,13053600,2,44100
sqam/32,sqam,single-instrument,flac decode -j1,1,0.067005792,4025180,4025138,13053600,2,44100
sqam/32,sqam,single-instrument,flac -8 -j1,1,0.212801458,3785762,3777332,13053600,2,44100
sqam/32,sqam,single-instrument,flac -8 -j2,2,0.1109635,3785762,3777332,13053600,2,44100
sqam/32,sqam,single-instrument,flac -8 -j4,4,0.060357666,3785762,3777332,13053600,2,44100
sqam/32,sqam,single-instrument,flac -8 -j8,8,0.04780475,3785762,3777332,13053600,2,44100
sqam/32,sqam,single-instrument,flac -5 -j1,1,0.107334958,3855167,3846737,13053600,2,44100
sqam/33,sqam,single-instrument,vinyl -j1,1,2.428148708,9647765,9647723,46922400,2,44100
sqam/33,sqam,single-instrument,vinyl -j2,2,1.2632315,9647765,9647723,46922400,2,44100
sqam/33,sqam,single-instrument,vinyl -j4,4,0.650865709,9647765,9647723,46922400,2,44100
sqam/33,sqam,single-instrument,vinyl -j8,8,0.417288958,9647765,9647723,46922400,2,44100
sqam/33,sqam,single-instrument,vinyl decode -j1,1,0.900701167,9647765,9647723,46922400,2,44100
sqam/33,sqam,single-instrument,vinyl decode -j2,2,0.478349625,9647765,9647723,46922400,2,44100
sqam/33,sqam,single-instrument,vinyl decode -j4,4,0.2556145,9647765,9647723,46922400,2,44100
sqam/33,sqam,single-instrument,vinyl decode -j8,8,0.177648917,9647765,9647723,46922400,2,44100
sqam/33,sqam,single-instrument,flac decode -j1,1,0.224937875,9647765,9647723,46922400,2,44100
sqam/33,sqam,single-instrument,flac -8 -j1,1,0.750944625,9009302,9000530,46922400,2,44100
sqam/33,sqam,single-instrument,flac -8 -j2,2,0.384213583,9009302,9000530,46922400,2,44100
sqam/33,sqam,single-instrument,flac -8 -j4,4,0.202589292,9009302,9000530,46922400,2,44100
sqam/33,sqam,single-instrument,flac -8 -j8,8,0.154976084,9009302,9000530,46922400,2,44100
sqam/33,sqam,single-instrument,flac -5 -j1,1,0.381616916,9065660,9056888,46922400,2,44100
sqam/34,sqam,single-instrument,vinyl -j1,1,0.224865583,1044438,1044396,4762800,2,44100
sqam/34,sqam,single-instrument,vinyl -j2,2,0.118444042,1044438,1044396,4762800,2,44100
sqam/34,sqam,single-instrument,vinyl -j4,4,0.063527208,1044438,1044396,4762800,2,44100
sqam/34,sqam,single-instrument,vinyl -j8,8,0.042410375,1044438,1044396,4762800,2,44100
sqam/34,sqam,single-instrument,vinyl decode -j1,1,0.08838525,1044438,1044396,4762800,2,44100
sqam/34,sqam,single-instrument,vinyl decode -j2,2,0.049562083,1044438,1044396,4762800,2,44100
sqam/34,sqam,single-instrument,vinyl decode -j4,4,0.028477625,1044438,1044396,4762800,2,44100
sqam/34,sqam,single-instrument,vinyl decode -j8,8,0.021843292,1044438,1044396,4762800,2,44100
sqam/34,sqam,single-instrument,flac decode -j1,1,0.024786833,1044438,1044396,4762800,2,44100
sqam/34,sqam,single-instrument,flac -8 -j1,1,0.072599084,967913,959573,4762800,2,44100
sqam/34,sqam,single-instrument,flac -8 -j2,2,0.039559584,967913,959573,4762800,2,44100
sqam/34,sqam,single-instrument,flac -8 -j4,4,0.022502708,967913,959573,4762800,2,44100
sqam/34,sqam,single-instrument,flac -8 -j8,8,0.018689042,967913,959573,4762800,2,44100
sqam/34,sqam,single-instrument,flac -5 -j1,1,0.03959075,985553,977213,4762800,2,44100
sqam/35,sqam,single-instrument,vinyl -j1,1,0.531289708,2552030,2551988,10407600,2,44100
sqam/35,sqam,single-instrument,vinyl -j2,2,0.277718583,2552030,2551988,10407600,2,44100
sqam/35,sqam,single-instrument,vinyl -j4,4,0.145443416,2552030,2551988,10407600,2,44100
sqam/35,sqam,single-instrument,vinyl -j8,8,0.094898458,2552030,2551988,10407600,2,44100
sqam/35,sqam,single-instrument,vinyl decode -j1,1,0.204372083,2552030,2551988,10407600,2,44100
sqam/35,sqam,single-instrument,vinyl decode -j2,2,0.110073334,2552030,2551988,10407600,2,44100
sqam/35,sqam,single-instrument,vinyl decode -j4,4,0.060422709,2552030,2551988,10407600,2,44100
sqam/35,sqam,single-instrument,vinyl decode -j8,8,0.043628042,2552030,2551988,10407600,2,44100
sqam/35,sqam,single-instrument,flac decode -j1,1,0.053436875,2552030,2551988,10407600,2,44100
sqam/35,sqam,single-instrument,flac -8 -j1,1,0.163593959,2269009,2260615,10407600,2,44100
sqam/35,sqam,single-instrument,flac -8 -j2,2,0.085939208,2269009,2260615,10407600,2,44100
sqam/35,sqam,single-instrument,flac -8 -j4,4,0.046610834,2269009,2260615,10407600,2,44100
sqam/35,sqam,single-instrument,flac -8 -j8,8,0.037241833,2269009,2260615,10407600,2,44100
sqam/35,sqam,single-instrument,flac -5 -j1,1,0.084908625,2427340,2418946,10407600,2,44100
sqam/36,sqam,single-instrument,vinyl -j1,1,0.416384125,2178610,2178568,8820000,2,44100
sqam/36,sqam,single-instrument,vinyl -j2,2,0.219063125,2178610,2178568,8820000,2,44100
sqam/36,sqam,single-instrument,vinyl -j4,4,0.114465667,2178610,2178568,8820000,2,44100
sqam/36,sqam,single-instrument,vinyl -j8,8,0.07439375,2178610,2178568,8820000,2,44100
sqam/36,sqam,single-instrument,vinyl decode -j1,1,0.148033375,2178610,2178568,8820000,2,44100
sqam/36,sqam,single-instrument,vinyl decode -j2,2,0.080863667,2178610,2178568,8820000,2,44100
sqam/36,sqam,single-instrument,vinyl decode -j4,4,0.045115917,2178610,2178568,8820000,2,44100
sqam/36,sqam,single-instrument,vinyl decode -j8,8,0.033677166,2178610,2178568,8820000,2,44100
sqam/36,sqam,single-instrument,flac decode -j1,1,0.041522875,2178610,2178568,8820000,2,44100
sqam/36,sqam,single-instrument,flac -8 -j1,1,0.132866208,1973647,1965271,8820000,2,44100
sqam/36,sqam,single-instrument,flac -8 -j2,2,0.069907791,1973647,1965271,8820000,2,44100
sqam/36,sqam,single-instrument,flac -8 -j4,4,0.038298125,1973647,1965271,8820000,2,44100
sqam/36,sqam,single-instrument,flac -8 -j8,8,0.03163825,1973647,1965271,8820000,2,44100
sqam/36,sqam,single-instrument,flac -5 -j1,1,0.07125975,2070330,2061954,8820000,2,44100
sqam/37,sqam,single-instrument,vinyl -j1,1,0.1160355,559289,559247,2646000,2,44100
sqam/37,sqam,single-instrument,vinyl -j2,2,0.062882667,559289,559247,2646000,2,44100
sqam/37,sqam,single-instrument,vinyl -j4,4,0.034059917,559289,559247,2646000,2,44100
sqam/37,sqam,single-instrument,vinyl -j8,8,0.024132834,559289,559247,2646000,2,44100
sqam/37,sqam,single-instrument,vinyl decode -j1,1,0.045488542,559289,559247,2646000,2,44100
sqam/37,sqam,single-instrument,vinyl decode -j2,2,0.02656475,559289,559247,2646000,2,44100
sqam/37,sqam,single-instrument,vinyl decode -j4,4,0.016962,559289,559247,2646000,2,44100
sqam/37,sqam,single-instrument,vinyl decode -j8,8,0.013146542,559289,559247,2646000,2,44100
sqam/37,sqam,single-instrument,flac decode -j1,1,0.014546375,559289,559247,2646000,2,44100
sqam/37,sqam,single-instrument,flac -8 -j1,1,0.039462458,522623,514301,2646000,2,44100
sqam/37,sqam,single-instrument,flac -8 -j2,2,0.022284083,522623,514301,2646000,2,44100
sqam/37,sqam,single-instrument,flac -8 -j4,4,0.013439542,522623,514301,2646000,2,44100
sqam/37,sqam,single-instrument,flac -8 -j8,8,0.011479,522623,514301,2646000,2,44100
sqam/37,sqam,single-instrument,flac -5 -j1,1,0.022856375,534913,526591,2646000,2,44100
sqam/38,sqam,single-instrument,vinyl -j1,1,0.169343875,510382,510340,3704400,2,44100
sqam/38,sqam,single-instrument,vinyl -j2,2,0.090198417,510382,510340,3704400,2,44100
sqam/38,sqam,single-instrument,vinyl -j4,4,0.04803425,510382,510340,3704400,2,44100
sqam/38,sqam,single-instrument,vinyl -j8,8,0.032639292,510382,510340,3704400,2,44100
sqam/38,sqam,single-instrument,vinyl decode -j1,1,0.058049958,510382,510340,3704400,2,44100
sqam/38,sqam,single-instrument,vinyl decode -j2,2,0.033238125,510382,510340,3704400,2,44100
sqam/38,sqam,single-instrument,vinyl decode -j4,4,0.020455708,510382,510340,3704400,2,44100
sqam/38,sqam,single-instrument,vinyl decode -j8,8,0.015902333,510382,510340,3704400,2,44100
sqam/38,sqam,single-instrument,flac decode -j1,1,0.018816041,510382,510340,3704400,2,44100
sqam/38,sqam,single-instrument,flac -8 -j1,1,0.054456917,480214,471874,3704400,2,44100
sqam/38,sqam,single-instrument,flac -8 -j2,2,0.029795125,480214,471874,3704400,2,44100
sqam/38,sqam,single-instrument,flac -8 -j4,4,0.017362416,480214,471874,3704400,2,44100
sqam/38,sqam,single-instrument,flac -8 -j8,8,0.014347875,480214,471874,3704400,2,44100
sqam/38,sqam,single-instrument,flac -5 -j1,1,0.031274917,482328,473988,3704400,2,44100
sqam/39,sqam,single-instrument,vinyl -j1,1,1.25023975,6108880,6108838,24166800,2,44100
sqam/39,sqam,single-instrument,vinyl -j2,2,0.647206166,6108880,6108838,24166800,2,44100
sqam/39,sqam,single-instrument,vinyl -j4,4,0.333792458,6108880,6108838,24166800,2,44100
sqam/39,sqam,single-instrument,vinyl -j8,8,0.273561417,6108880,6108838,24166800,2,44100
sqam/39,sqam,single-instrument,vinyl decode -j1,1,0.478404333,6108880,6108838,24166800,2,44100
sqam/39,sqam,single-instrument,vinyl decode -j2,2,0.253878667,6108880,6108838,24166800,2,44100
sqam/39,sqam,single-instrument,vinyl decode -j4,4,0.158878542,6108880,6108838,24166800,2,44100
sqam/39,sqam,single-instrument,vinyl decode -j8,8,0.104212042,6108880,6108838,24166800,2,44100
sqam/39,sqam,single-instrument,flac decode -j1,1,0.113846,6108880,6108838,24166800,2,44100
sqam/39,sqam,single-instrument,flac -8 -j1,1,0.387846167,5656350,5647812,24166800,2,44100
sqam/39,sqam,single-instrument,flac -8 -j2,2,0.200259,5656350,5647812,24166800,2,44100
sqam/39,sqam,single-instrument,flac -8 -j4,4,0.10676775,5656350,5647812,24166800,2,44100
sqam/39,sqam,single-instrument,flac -8 -j8,8,0.089519292,5656350,5647812,24166800,2,44100
sqam/39,sqam,single-instrument,flac -5 -j1,1,0.196263208,5683745,5675207,24166800,2,44100
sqam/40,sqam,single-instrument,vinyl -j1,1,0.469438583,3349514,3349472,9349200,2,44100
sqam/40,sqam,single-instrument,vinyl -j2,2,0.250804958,3349514,3349472,9349200,2,44100
sqam/40,sqam,single-instrument,vinyl -j4,4,0.126451167,3349514,3349472,9349200,2,44100
sqam/40,sqam,single-instrument,vinyl -j8,8,0.120898417,3349514,3349472,9349200,2,44100
sqam/40,sqam,single-instrument,vinyl decode -j1,1,0.186335,3349514,3349472,9349200,2,44100
sqam/40,sqam,single-instrument,vinyl decode -j2,2,0.102183667,3349514,3349472,9349200,2,44100
sqam/40,sqam,single-instrument,vinyl decode -j4,4,0.054932167,3349514,3349472,9349200,2,44100
sqam/40,sqam,single-instrument,vinyl decode -j8,8,0.044551209,3349514,3349472,9349200,2,44100
sqam/40,sqam,single-instrument,flac decode -j1,1,0.046059584,3349514,3349472,9349200,2,44100
sqam/40,sqam,single-instrument,flac -8 -j1,1,0.144438167,3183581,3175187,9349200,2,44100
sqam/40,sqam,single-instrument,flac -8 -j2,2,0.078235375,3183581,3175187,9349200,2,44100
sqam/40,sqam,single-instrument,flac -8 -j4,4,0.042193375,3183581,3175187,9349200,2,44100
sqam/40,sqam,single-instrument,flac -8 -j8,8,0.044236208,3183581,3175187,9349200,2,44100
sqam/40,sqam,single-instrument,flac -5 -j1,1,0.075068,3216111,3207717,9349200,2,44100
sqam/41,sqam,single-instrument,vinyl -j1,1,0.566508709,2824061,2824019,11642400,2,44100
sqam/41,sqam,single-instrument,vinyl -j2,2,0.296483375,2824061,2824019,11642400,2,44100
sqam/41,sqam,single-instrument,vinyl -j4,4,0.154514375,2824061,2824019,11642400,2,44100
sqam/41,sqam,single-instrument,vinyl -j8,8,0.101136875,2824061,2824019,11642400,2,44100
sqam/41,sqam,single-instrument,vinyl decode -j1,1,0.218729208,2824061,2824019,11642400,2,44100
sqam/41,sqam,single-instrument,vinyl decode -j2,2,0.118215,2824061,2824019,11642400,2,44100
sqam/41,sqam,single-instrument,vinyl decode -j4,4,0.072284333,2824061,2824019,11642400,2,44100
sqam/41,sqam,single-instrument,vinyl decode -j8,8,0.046636291,2824061,2824019,11642400,2,44100
sqam/41,sqam,single-instrument,flac decode -j1,1,0.057674625,2824061,2824019,11642400,2,44100
sqam/41,sqam,single-instrument,flac -8 -j1,1,0.180570459,2570545,2562133,11642400,2,44100
sqam/41,sqam,single-instrument,flac -8 -j2,2,0.094454458,2570545,2562133,11642400,2,44100
sqam/41,sqam,single-instrument,flac -8 -j4,4,0.051574375,2570545,2562133,11642400,2,44100
sqam/41,sqam,single-instrument,flac -8 -j8,8,0.04166725,2570545,2562133,11642400,2,44100
sqam/41,sqam,single-instrument,flac -5 -j1,1,0.092422375,2624474,2616062,11642400,2,44100
sqam/42,sqam,single-instrument,vinyl -j1,1,0.203805542,1529769,1529727,3880800,2,44100
sqam/42,sqam,single-instrument,vinyl -j2,2,0.108045458,1529769,1529727,3880800,2,44100
sqam/42,sqam,single-instrument,vinyl -j4,4,0.057577791,1529769,1529727,3880800,2,44100
sqam/42,sqam,single-instrument,vinyl -j8,8,0.039042042,1529769,1529727,3880800,2,44100
sqam/42,sqam,single-instrument,vinyl decode -j1,1,0.080546791,1529769,1529727,3880800,2,44100
sqam/42,sqam,single-instrument,vinyl decode -j2,2,0.044879875,1529769,1529727,3880800,2,44100
sqam/42,sqam,single-instrument,vinyl decode -j4,4,0.026903,1529769,1529727,3880800,2,44100
sqam/42,sqam,single-instrument,vinyl decode -j8,8,0.020672375,1529769,1529727,3880800,2,44100
sqam/42,sqam,single-instrument,flac decode -j1,1,0.0214045,1529769,1529727,3880800,2,44100
sqam/42,sqam,single-instrument,flac -8 -j1,1,0.064848375,1456508,1448168,3880800,2,44100
sqam/42,sqam,single-instrument,flac -8 -j2,2,0.035443167,1456508,1448168,3880800,2,44100
sqam/42,sqam,single-instrument,flac -8 -j4,4,0.020300917,1456508,1448168,3880800,2,44100
sqam/42,sqam,single-instrument,flac -8 -j8,8,0.017022916,1456508,1448168,3880800,2,44100
sqam/42,sqam,single-instrument,flac -5 -j1,1,0.034475583,1473549,1465209,3880800,2,44100
sqam/43,sqam,single-instrument,vinyl -j1,1,0.835746958,7298351,7298309,15523200,2,44100
sqam/43,sqam,single-instrument,vinyl -j2,2,0.436361625,7298351,7298309,15523200,2,44100
sqam/43,sqam,single-instrument,vinyl -j4,4,0.227400791,7298351,7298309,15523200,2,44100
sqam/43,sqam,single-instrument,vinyl -j8,8,0.147665958,7298351,7298309,15523200,2,44100
sqam/43,sqam,single-instrument,vinyl decode -j1,1,0.328364334,7298351,7298309,15523200,2,44100
sqam/43,sqam,single-instrument,vinyl decode -j2,2,0.17627375,7298351,7298309,15523200,2,44100
sqam/43,sqam,single-instrument,vinyl decode -j4,4,0.094531208,7298351,7298309,15523200,2,44100
sqam/43,sqam,single-instrument,vinyl decode -j8,8,0.066951,7298351,7298309,15523200,2,44100
sqam/43,sqam,single-instrument,flac decode -j1,1,0.078271667,7298351,7298309,15523200,2,44100
sqam/43,sqam,single-instrument,flac -8 -j1,1,0.257520084,7018735,7010287,15523200,2,44100
sqam/43,sqam,single-instrument,flac -8 -j2,2,0.133740584,7018735,7010287,15523200,2,44100
sqam/43,sqam,single-instrument,flac -8 -j4,4,0.071791875,7018735,7010287,15523200,2,44100
sqam/43,sqam,single-instrument,flac -8 -j8,8,0.056944708,7018735,7010287,15523200,2,44100
sqam/43,sqam,single-instrument,flac -5 -j1,1,0.131595333,7070980,7062532,15523200,2,44100
sqam/44,sqam,vocal,vinyl -j1,1,0.266981625,1757844,1757802,4939200,2,44100
sqam/44,sqam,vocal,vinyl -j2,2,0.141323958,1757844,1757802,4939200,2,44100
sqam/44,sqam,vocal,vinyl -j4,4,0.074967041,1757844,1757802,4939200,2,44100
sqam/44,sqam,vocal,vinyl -j8,8,0.050369958,1757844,1757802,4939200,2,44100
sqam/44,sqam,vocal,vinyl decode -j1,1,0.107750042,1757844,1757802,4939200,2,44100
sqam/44,sqam,vocal,vinyl decode -j2,2,0.059088667,1757844,1757802,4939200,2,44100
sqam/44,sqam,vocal,vinyl decode -j4,4,0.033307958,1757844,1757802,4939200,2,44100
sqam/44,sqam,vocal,vinyl decode -j8,8,0.025361667,1757844,1757802,4939200,2,44100
sqam/44,sqam,vocal,flac decode -j1,1,0.028514166,1757844,1757802,4939200,2,44100
sqam/44,sqam,vocal,flac -8 -j1,1,0.086276042,1623201,1614861,4939200,2,44100
sqam/44,sqam,vocal,flac -8 -j2,2,0.046230625,1623201,1614861,4939200,2,44100
sqam/44,sqam,vocal,flac -8 -j4,4,0.025720167,1623201,1614861,4939200,2,44100
sqam/44,sqam,vocal,flac -8 -j8,8,0.02030675,1623201,1614861,4939200,2,44100
sqam/44,sqam,vocal,flac -5 -j1,1,0.044206541,1657855,1649515,4939200,2,44100
sqam/45,sqam,vocal,vinyl -j1,1,0.268006,1814579,1814537,5292000,2,44100
sqam/45,sqam,vocal,vinyl -j2,2,0.141006167,1814579,1814537,5292000,2,44100
sqam/45,sqam,vocal,vinyl -j4,4,0.074865334,1814579,1814537,5292000,2,44100
sqam/45,sqam,vocal,vinyl -j8,8,0.049338042,1814579,1814537,5292000,2,44100
sqam/45,sqam,vocal,vinyl decode -j1,1,0.112846292,1814579,1814537,5292000,2,44100
sqam/45,sqam,vocal,vinyl decode -j2,2,0.061586125,1814579,1814537,5292000,2,44100
sqam/45,sqam,vocal,vinyl decode -j4,4,0.035123541,1814579,1814537,5292000,2,44100
sqam/45,sqam,vocal,vinyl decode -j8,8,0.026081416,1814579,1814537,5292000,2,44100
sqam/45,sqam,vocal,flac decode -j1,1,0.029080792,1814579,1814537,5292000,2,44100
sqam/45,sqam,vocal,flac -8 -j1,1,0.087303417,1699620,1691280,5292000,2,44100
sqam/45,sqam,vocal,flac -8 -j2,2,0.046701,1699620,1691280,5292000,2,44100
sqam/45,sqam,vocal,flac -8 -j4,4,0.026463166,1699620,1691280,5292000,2,44100
sqam/45,sqam,vocal,flac -8 -j8,8,0.021146,1699620,1691280,5292000,2,44100
sqam/45,sqam,vocal,flac -5 -j1,1,0.045976667,1739836,1731496,5292000,2,44100
sqam/46,sqam,vocal,vinyl -j1,1,0.265103083,1717886,1717844,5115600,2,44100
sqam/46,sqam,vocal,vinyl -j2,2,0.139140583,1717886,1717844,5115600,2,44100
sqam/46,sqam,vocal,vinyl -j4,4,0.073712583,1717886,1717844,5115600,2,44100
sqam/46,sqam,vocal,vinyl -j8,8,0.048809417,1717886,1717844,5115600,2,44100
sqam/46,sqam,vocal,vinyl decode -j1,1,0.112040625,1717886,1717844,5115600,2,44100
sqam/46,sqam,vocal,vinyl decode -j2,2,0.061158458,1717886,1717844,5115600,2,44100
sqam/46,sqam,vocal,vinyl decode -j4,4,0.034752208,1717886,1717844,5115600,2,44100
sqam/46,sqam,vocal,vinyl decode -j8,8,0.026255459,1717886,1717844,5115600,2,44100
sqam/46,sqam,vocal,flac decode -j1,1,0.028306042,1717886,1717844,5115600,2,44100
sqam/46,sqam,vocal,flac -8 -j1,1,0.0854495,1611801,1603461,5115600,2,44100
sqam/46,sqam,vocal,flac -8 -j2,2,0.045674458,1611801,1603461,5115600,2,44100
sqam/46,sqam,vocal,flac -8 -j4,4,0.026148583,1611801,1603461,5115600,2,44100
sqam/46,sqam,vocal,flac -8 -j8,8,0.02103825,1611801,1603461,5115600,2,44100
sqam/46,sqam,vocal,flac -5 -j1,1,0.044794875,1645268,1636928,5115600,2,44100
sqam/47,sqam,vocal,vinyl -j1,1,0.265602792,1740845,1740803,5292000,2,44100
sqam/47,sqam,vocal,vinyl -j2,2,0.13908225,1740845,1740803,5292000,2,44100
sqam/47,sqam,vocal,vinyl -j4,4,0.073956084,1740845,1740803,5292000,2,44100
sqam/47,sqam,vocal,vinyl -j8,8,0.050061917,1740845,1740803,5292000,2,44100
sqam/47,sqam,vocal,vinyl decode -j1,1,0.115144792,1740845,1740803,5292000,2,44100
sqam/47,sqam,vocal,vinyl decode -j2,2,0.062869042,1740845,1740803,5292000,2,44100
sqam/47,sqam,vocal,vinyl decode -j4,4,0.035548167,1740845,1740803,5292000,2,44100
sqam/47,sqam,vocal,vinyl decode -j8,8,0.026761333,1740845,1740803,5292000,2,44100
sqam/47,sqam,vocal,flac decode -j1,1,0.028807417,1740845,1740803,5292000,2,44100
sqam/47,sqam,vocal,flac -8 -j1,1,0.086108,1649050,1640710,5292000,2,44100
sqam/47,sqam,vocal,flac -8 -j2,2,0.046127792,1649050,1640710,5292000,2,44100
sqam/47,sqam,vocal,flac -8 -j4,4,0.025855375,1649050,1640710,5292000,2,44100
sqam/47,sqam,vocal,flac -8 -j8,8,0.02104625,1649050,1640710,5292000,2,44100
sqam/47,sqam,vocal,flac -5 -j1,1,0.044943875,1672570,1664230,5292000,2,44100
sqam/48,sqam,vocal,vinyl -j1,1,0.259186791,1885036,1884994,4939200,2,44100
sqam/48,sqam,vocal,vinyl -j2,2,0.136597916,1885036,1884994,4939200,2,44100
sqam/48,sqam,vocal,vinyl -j4,4,0.072804917,1885036,1884994,4939200,2,44100
sqam/48,sqam,vocal,vinyl -j8,8,0.048086875,1885036,1884994,4939200,2,44100
sqam/48,sqam,vocal,vinyl decode -j1,1,0.103213625,1885036,1884994,4939200,2,44100
sqam/48,sqam,vocal,vinyl decode -j2,2,0.056432709,1885036,1884994,4939200,2,44100
sqam/48,sqam,vocal,vinyl decode -j4,4,0.032374459,1885036,1884994,4939200,2,44100
sqam/48,sqam,vocal,vinyl decode -j8,8,0.024527459,1885036,1884994,4939200,2,44100
sqam/48,sqam,vocal,flac decode -j1,1,0.027468084,1885036,1884994,4939200,2,44100
sqam/48,sqam,vocal,flac -8 -j1,1,0.083765167,1799960,1791620,4939200,2,44100
sqam/48,sqam,vocal,flac -8 -j2,2,0.045005583,1799960,1791620,4939200,2,44100
sqam/48,sqam,vocal,flac -8 -j4,4,0.025499917,1799960,1791620,4939200,2,44100
sqam/48,sqam,vocal,flac -8 -j8,8,0.020772625,1799960,1791620,4939200,2,44100
sqam/48,sqam,vocal,flac -5 -j1,1,0.044225167,1819762,1811422,4939200,2,44100
sqam/49,sqam,speech,vinyl -j1,1,0.203271167,1192585,1192543,4057200,2,44100
sqam/49,sqam,speech,vinyl -j2,2,0.107707584,1192585,1192543,4057200,2,44100
sqam/49,sqam,speech,vinyl -j4,4,0.057807458,1192585,1192543,4057200,2,44100
sqam/49,sqam,speech,vinyl -j8,8,0.038478875,1192585,1192543,4057200,2,44100
sqam/49,sqam,speech,vinyl decode -j1,1,0.075709333,1192585,1192543,4057200,2,44100
sqam/49,sqam,speech,vinyl decode -j2,2,0.042802459,1192585,1192543,4057200,2,44100
sqam/49,sqam,speech,vinyl decode -j4,4,0.025102125,1192585,1192543,4057200,2,44100
sqam/49,sqam,speech,vinyl decode -j8,8,0.019539458,1192585,1192543,4057200,2,44100
sqam/49,sqam,speech,flac decode -j1,1,0.021285917,1192585,1192543,4057200,2,44100
sqam/49,sqam,speech,flac -8 -j1,1,0.066954125,1143061,1134721,4057200,2,44100
sqam/49,sqam,speech,flac -8 -j2,2,0.03630375,1143061,1134721,4057200,2,44100
sqam/49,sqam,speech,flac -8 -j4,4,0.020981292,1143061,1134721,4057200,2,44100
sqam/49,sqam,speech,flac -8 -j8,8,0.017070834,1143061,1134721,4057200,2,44100
sqam/49,sqam,speech,flac -5 -j1,1,0.035306875,1158007,1149667,4057200,2,44100
sqam/50,sqam,speech,vinyl -j1,1,0.195259458,1186810,1186768,3880800,2,44100
sqam/50,sqam,speech,vinyl -j2,2,0.103594208,1186810,1186768,3880800,2,44100
sqam/50,sqam,speech,vinyl -j4,4,0.055368166,1186810,1186768,3880800,2,44100
sqam/50,sqam,speech,vinyl -j8,8,0.037194959,1186810,1186768,3880800,2,44100
sqam/50,sqam,speech,vinyl decode -j1,1,0.074765583,1186810,1186768,3880800,2,44100
sqam/50,sqam,speech,vinyl decode -j2,2,0.04218,1186810,1186768,3880800,2,44100
sqam/50,sqam,speech,vinyl decode -j4,4,0.024873667,1186810,1186768,3880800,2,44100
sqam/50,sqam,speech,vinyl decode -j8,8,0.019563125,1186810,1186768,3880800,2,44100
sqam/50,sqam,speech,flac decode -j1,1,0.020944,1186810,1186768,3880800,2,44100
sqam/50,sqam,speech,flac -8 -j1,1,0.064546459,1137025,1128685,3880800,2,44100
sqam/50,sqam,speech,flac -8 -j2,2,0.035324459,1137025,1128685,3880800,2,44100
sqam/50,sqam,speech,flac -8 -j4,4,0.020325208,1137025,1128685,3880800,2,44100
sqam/50,sqam,speech,flac -8 -j8,8,0.016728792,1137025,1128685,3880800,2,44100
sqam/50,sqam,speech,flac -5 -j1,1,0.034505375,1152654,1144314,3880800,2,44100
sqam/51,sqam,speech,vinyl -j1,1,0.187358875,1501961,1501919,3704400,2,44100
sqam/51,sqam,speech,vinyl -j2,2,0.09960675,1501961,1501919,3704400,2,44100
sqam/51,sqam,speech,vinyl -j4,4,0.053207583,1501961,1501919,3704400,2,44100
sqam/51,sqam,speech,vinyl -j8,8,0.035855166,1501961,1501919,3704400,2,44100
sqam/51,sqam,speech,vinyl decode -j1,1,0.074506125,1501961,1501919,3704400,2,44100
sqam/51,sqam,speech,vinyl decode -j2,2,0.041815916,1501961,1501919,3704400,2,44100
sqam/51,sqam,speech,vinyl decode -j4,4,0.024529958,1501961,1501919,3704400,2,44100
sqam/51,sqam,speech,vinyl decode -j8,8,0.019348375,1501961,1501919,3704400,2,44100
sqam/51,sqam,speech,flac decode -j1,1,0.020287333,1501961,1501919,3704400,2,44100
sqam/51,sqam,speech,flac -8 -j1,1,0.060740792,1437273,1428933,3704400,2,44100
sqam/51,sqam,speech,flac -8 -j2,2,0.032797875,1437273,1428933,3704400,2,44100
sqam/51,sqam,speech,flac -8 -j4,4,0.019112458,1437273,1428933,3704400,2,44100
sqam/51,sqam,speech,flac -8 -j8,8,0.015769916,1437273,1428933,3704400,2,44100
sqam/51,sqam,speech,flac -5 -j1,1,0.032759625,1453647,1445307,3704400,2,44100
sqam/52,sqam,speech,vinyl -j1,1,0.221741708,1542818,1542776,4233600,2,44100
sqam/52,sqam,speech,vinyl -j2,2,0.117133167,1542818,1542776,4233600,2,44100
sqam/52,sqam,speech,vinyl -j4,4,0.06230175,1542818,1542776,4233600,2,44100
sqam/52,sqam,speech,vinyl -j8,8,0.041497333,1542818,1542776,4233600,2,44100
sqam/52,sqam,speech,vinyl decode -j1,1,0.084753125,1542818,1542776,4233600,2,44100
sqam/52,sqam,speech,vinyl decode -j2,2,0.047440791,1542818,1542776,4233600,2,44100
sqam/52,sqam,speech,vinyl decode -j4,4,0.027328833,1542818,1542776,4233600,2,44100
sqam/52,sqam,speech,vinyl decode -j8,8,0.0214595,1542818,1542776,4233600,2,44100
sqam/52,sqam,speech,flac decode -j1,1,0.023210541,1542818,1542776,4233600,2,44100
sqam/52,sqam,speech,flac -8 -j1,1,0.070812791,1470876,1462536,4233600,2,44100
sqam/52,sqam,speech,flac -8 -j2,2,0.0382795,1470876,1462536,4233600,2,44100
sqam/52,sqam,speech,flac -8 -j4,4,0.021760334,1470876,1462536,4233600,2,44100
sqam/52,sqam,speech,flac -8 -j8,8,0.017662708,1470876,1462536,4233600,2,44100
sqam/52,sqam,speech,flac -5 -j1,1,0.037721958,1489586,1481246,4233600,2,44100
sqam/53,sqam,speech,vinyl -j1,1,0.177214958,1015580,1015538,3704400,2,44100
sqam/53,sqam,speech,vinyl -j2,2,0.094032,1015580,1015538,3704400,2,44100
sqam/53,sqam,speech,vinyl -j4,4,0.050639792,1015580,1015538,3704400,2,44100
sqam/53,sqam,speech,vinyl -j8,8,0.034032459,1015580,1015538,3704400,2,44100
sqam/53,sqam,speech,vinyl decode -j1,1,0.067048125,1015580,1015538,3704400,2,44100
sqam/53,sqam,speech,vinyl decode -j2,2,0.038281542,1015580,1015538,3704400,2,44100
sqam/53,sqam,speech,vinyl decode -j4,4,0.022773167,1015580,1015538,3704400,2,44100
sqam/53,sqam,speech,vinyl decode -j8,8,0.017676459,1015580,1015538,3704400,2,44100
sqam/53,sqam,speech,flac decode -j1,1,0.019446084,1015580,1015538,3704400,2,44100
sqam/53,sqam,speech,flac -8 -j1,1,0.060063417,978011,969671,3704400,2,44100
sqam/53,sqam,speech,flac -8 -j2,2,0.032396166,978011,969671,3704400,2,44100
sqam/53,sqam,speech,flac -8 -j4,4,0.018773375,978011,969671,3704400,2,44100
sqam/53,sqam,speech,flac -8 -j8,8,0.015732792,978011,969671,3704400,2,44100
sqam/53,sqam,speech,flac -5 -j1,1,0.032102875,991073,982733,3704400,2,44100
sqam/54,sqam,speech,vinyl -j1,1,0.177492084,998503,998461,3704400,2,44100
sqam/54,sqam,speech,vinyl -j2,2,0.094639083,998503,998461,3704400,2,44100
sqam/54,sqam,speech,vinyl -j4,4,0.050735458,998503,998461,3704400,2,44100
sqam/54,sqam,speech,vinyl -j8,8,0.033938125,998503,998461,3704400,2,44100
sqam/54,sqam,speech,vinyl decode -j1,1,0.065754042,998503,998461,3704400,2,44100
sqam/54,sqam,speech,vinyl decode -j2,2,0.037524583,998503,998461,3704400,2,44100
sqam/54,sqam,speech,vinyl decode -j4,4,0.022231083,998503,998461,3704400,2,44100
sqam/54,sqam,speech,vinyl decode -j8,8,0.0181175,998503,998461,3704400,2,44100
sqam/54,sqam,speech,flac decode -j1,1,0.019135875,998503,998461,3704400,2,44100
sqam/54,sqam,speech,flac -8 -j1,1,0.059809584,961586,953246,3704400,2,44100
sqam/54,sqam,speech,flac -8 -j2,2,0.032492667,961586,953246,3704400,2,44100
sqam/54,sqam,speech,flac -8 -j4,4,0.018835542,961586,953246,3704400,2,44100
sqam/54,sqam,speech,flac -8 -j8,8,0.015824416,961586,953246,3704400,2,44100
sqam/54,sqam,speech,flac -5 -j1,1,0.031983042,971292,962952,3704400,2,44100
sqam/55,sqam,solo-instrument,vinyl -j1,1,0.312937292,1877816,1877774,5644800,2,44100
sqam/55,sqam,solo-instrument,vinyl -j2,2,0.164645458,1877816,1877774,5644800,2,44100
sqam/55,sqam,solo-instrument,vinyl -j4,4,0.086991042,1877816,1877774,5644800,2,44100
sqam/55,sqam,solo-instrument,vinyl -j8,8,0.057404333,1877816,1877774,5644800,2,44100
sqam/55,sqam,solo-instrument,vinyl decode -j1,1,0.122873208,1877816,1877774,5644800,2,44100
sqam/55,sqam,solo-instrument,vinyl decode -j2,2,0.066394916,1877816,1877774,5644800,2,44100
sqam/55,sqam,solo-instrument,vinyl decode -j4,4,0.037572792,1877816,1877774,5644800,2,44100
sqam/55,sqam,solo-instrument,vinyl decode -j8,8,0.028591292,1877816,1877774,5644800,2,44100
sqam/55,sqam,solo-instrument,flac decode -j1,1,0.030596666,1877816,1877774,5644800,2,44100
sqam/55,sqam,solo-instrument,flac -8 -j1,1,0.095723917,1800602,1792244,5644800,2,44100
sqam/55,sqam,solo-instrument,flac -8 -j2,2,0.05106275,1800602,1792244,5644800,2,44100
sqam/55,sqam,solo-instrument,flac -8 -j4,4,0.028372625,1800602,1792244,5644800,2,44100
sqam/55,sqam,solo-instrument,flac -8 -j8,8,0.022462959,1800602,1792244,5644800,2,44100
sqam/55,sqam,solo-instrument,flac -5 -j1,1,0.049893209,1806310,1797952,5644800,2,44100
sqam/56,sqam,solo-instrument,vinyl -j1,1,0.329370458,2872032,2871990,5997600,2,44100
sqam/56,sqam,solo-instrument,vinyl -j2,2,0.172627833,2872032,2871990,5997600,2,44100
sqam/56,sqam,solo-instrument,vinyl -j4,4,0.09148075,2872032,2871990,5997600,2,44100
sqam/56,sqam,solo-instrument,vinyl -j8,8,0.060031042,2872032,2871990,5997600,2,44100
sqam/56,sqam,solo-instrument,vinyl decode -j1,1,0.146250917,2872032,2871990,5997600,2,44100
sqam/56,sqam,solo-instrument,vinyl decode -j2,2,0.079164041,2872032,2871990,5997600,2,44100
sqam/56,sqam,solo-instrument,vinyl decode -j4,4,0.043632334,2872032,2871990,5997600,2,44100
sqam/56,sqam,solo-instrument,vinyl decode -j8,8,0.032184333,2872032,2871990,5997600,2,44100
sqam/56,sqam,solo-instrument,flac decode -j1,1,0.033734875,2872032,2871990,5997600,2,44100
sqam/56,sqam,solo-instrument,flac -8 -j1,1,0.103916625,2752407,2744049,5997600,2,44100
sqam/56,sqam,solo-instrument,flac -8 -j2,2,0.055180833,2752407,2744049,5997600,2,44100
sqam/56,sqam,solo-instrument,flac -8 -j4,4,0.030498875,2752407,2744049,5997600,2,44100
sqam/56,sqam,solo-instrument,flac -8 -j8,8,0.024725084,2752407,2744049,5997600,2,44100
sqam/56,sqam,solo-instrument,flac -5 -j1,1,0.053752083,2772136,2763778,5997600,2,44100
sqam/57,sqam,solo-instrument,vinyl -j1,1,0.180451042,1370358,1370316,3528000,2,44100
sqam/57,sqam,solo-instrument,vinyl -j2,2,0.09568775,1370358,1370316,3528000,2,44100
sqam/57,sqam,solo-instrument,vinyl -j4,4,0.051403209,1370358,1370316,3528000,2,44100
sqam/57,sqam,solo-instrument,vinyl -j8,8,0.034522709,1370358,1370316,3528000,2,44100
sqam/57,sqam,solo-instrument,vinyl decode -j1,1,0.07503325,1370358,1370316,3528000,2,44100
sqam/57,sqam,solo-instrument,vinyl decode -j2,2,0.042026041,1370358,1370316,3528000,2,44100
sqam/57,sqam,solo-instrument,vinyl decode -j4,4,0.024835166,1370358,1370316,3528000,2,44100
sqam/57,sqam,solo-instrument,vinyl decode -j8,8,0.019128459,1370358,1370316,3528000,2,44100
sqam/57,sqam,solo-instrument,flac decode -j1,1,0.020288042,1370358,1370316,3528000,2,44100
sqam/57,sqam,solo-instrument,flac -8 -j1,1,0.057834041,1279471,1271149,3528000,2,44100
sqam/57,sqam,solo-instrument,flac -8 -j2,2,0.031786625,1279471,1271149,3528000,2,44100
sqam/57,sqam,solo-instrument,flac -8 -j4,4,0.018755375,1279471,1271149,3528000,2,44100
sqam/57,sqam,solo-instrument,flac -8 -j8,8,0.015397,1279471,1271149,3528000,2,44100
sqam/57,sqam,solo-instrument,flac -5 -j1,1,0.031197583,1314820,1306498,3528000,2,44100
sqam/58,sqam,solo-instrument,vinyl -j1,1,0.133053792,880662,880620,2822400,2,44100
sqam/58,sqam,solo-instrument,vinyl -j2,2,0.071129625,880662,880620,2822400,2,44100
sqam/58,sqam,solo-instrument,vinyl -j4,4,0.038715417,880662,880620,2822400,2,44100
sqam/58,sqam,solo-instrument,vinyl -j8,8,0.026536166,880662,880620,2822400,2,44100
sqam/58,sqam,solo-instrument,vinyl decode -j1,1,0.055361625,880662,880620,2822400,2,44100
sqam/58,sqam,solo-instrument,vinyl decode -j2,2,0.032106042,880662,880620,2822400,2,44100
sqam/58,sqam,solo-instrument,vinyl decode -j4,4,0.019268458,880662,880620,2822400,2,44100
sqam/58,sqam,solo-instrument,vinyl decode -j8,8,0.015478208,880662,880620,2822400,2,44100
sqam/58,sqam,solo-instrument,flac decode -j1,1,0.016329458,880662,880620,2822400,2,44100
sqam/58,sqam,solo-instrument,flac -8 -j1,1,0.044658417,835131,826809,2822400,2,44100
sqam/58,sqam,solo-instrument,flac -8 -j2,2,0.025042417,835131,826809,2822400,2,44100
sqam/58,sqam,solo-instrument,flac -8 -j4,4,0.014951542,835131,826809,2822400,2,44100
sqam/58,sqam,solo-instrument,flac -8 -j8,8,0.012477791,835131,826809,2822400,2,44100
sqam/58,sqam,solo-instrument,flac -5 -j1,1,0.025208875,846918,838596,2822400,2,44100
sqam/59,sqam,solo-instrument,vinyl -j1,1,0.274796459,1991483,1991441,5115600,2,44100
sqam/59,sqam,solo-instrument,vinyl -j2,2,0.144613667,1991483,1991441,5115600,2,44100
sqam/59,sqam,solo-instrument,vinyl -j4,4,0.077093584,1991483,1991441,5115600,2,44100
sqam/59,sqam,solo-instrument,vinyl -j8,8,0.051211708,1991483,1991441,5115600,2,44100
sqam/59,sqam,solo-instrument,vinyl decode -j1,1,0.116457833,1991483,1991441,5115600,2,44100
sqam/59,sqam,solo-instrument,vinyl decode -j2,2,0.063227792,1991483,1991441,5115600,2,44100
sqam/59,sqam,solo-instrument,vinyl decode -j4,4,0.035585292,1991483,1991441,5115600,2,44100
sqam/59,sqam,solo-instrument,vinyl decode -j8,8,0.0266545,1991483,1991441,5115600,2,44100
sqam/59,sqam,solo-instrument,flac decode -j1,1,0.028223125,1991483,1991441,5115600,2,44100
sqam/59,sqam,solo-instrument,flac -8 -j1,1,0.086906667,1902044,1893704,5115600,2,44100
sqam/59,sqam,solo-instrument,flac -8 -j2,2,0.046365916,1902044,1893704,5115600,2,44100
sqam/59,sqam,solo-instrument,flac -8 -j4,4,0.025908041,1902044,1893704,5115600,2,44100
sqam/59,sqam,solo-instrument,flac -8 -j8,8,0.021229792,1902044,1893704,5115600,2,44100
sqam/59,sqam,solo-instrument,flac -5 -j1,1,0.045206917,1916291,1907951,5115600,2,44100
sqam/60,sqam,solo-instrument,vinyl -j1,1,0.873317792,3743308,3743266,16228800,2,44100
sqam/60,sqam,solo-instrument,vinyl -j2,2,0.454619042,3743308,3743266,16228800,2,44100
sqam/60,sqam,solo-instrument,vinyl -j4,4,0.236613,3743308,3743266,16228800,2,44100
sqam/60,sqam,solo-instrument,vinyl -j8,8,0.152648709,3743308,3743266,16228800,2,44100
sqam/60,sqam,solo-instrument,vinyl decode -j1,1,0.340762209,3743308,3743266,16228800,2,44100
sqam/60,sqam,solo-instrument,vinyl decode -j2,2,0.181836833,3743308,3743266,16228800,2,44100
sqam/60,sqam,solo-instrument,vinyl decode -j4,4,0.099060375,3743308,3743266,16228800,2,44100
sqam/60,sqam,solo-instrument,vinyl decode -j8,8,0.069738792,3743308,3743266,16228800,2,44100
sqam/60,sqam,solo-instrument,flac decode -j1,1,0.081164708,3743308,3743266,16228800,2,44100
sqam/60,sqam,solo-instrument,flac -8 -j1,1,0.268718459,3476410,3467944,16228800,2,44100
sqam/60,sqam,solo-instrument,flac -8 -j2,2,0.139202875,3476410,3467944,16228800,2,44100
sqam/60,sqam,solo-instrument,flac -8 -j4,4,0.074288917,3476410,3467944,16228800,2,44100
sqam/60,sqam,solo-instrument,flac -8 -j8,8,0.056813875,3476410,3467944,16228800,2,44100
sqam/60,sqam,solo-instrument,flac -5 -j1,1,0.1357795,3499136,3490670,16228800,2,44100
sqam/61,sqam,vocal-orchestra,vinyl -j1,1,1.812243708,13183964,13183922,31575600,2,44100
sqam/61,sqam,vocal-orchestra,vinyl -j2,2,0.940962417,13183964,13183922,31575600,2,44100
sqam/61,sqam,vocal-orchestra,vinyl -j4,4,0.487735458,13183964,13183922,31575600,2,44100
sqam/61,sqam,vocal-orchestra,vinyl -j8,8,0.313901042,13183964,13183922,31575600,2,44100
sqam/61,sqam,vocal-orchestra,vinyl decode -j1,1,0.747899666,13183964,13183922,31575600,2,44100
sqam/61,sqam,vocal-orchestra,vinyl decode -j2,2,0.395904958,13183964,13183922,31575600,2,44100
sqam/61,sqam,vocal-orchestra,vinyl decode -j4,4,0.209898833,13183964,13183922,31575600,2,44100
sqam/61,sqam,vocal-orchestra,vinyl decode -j8,8,0.146257,13183964,13183922,31575600,2,44100
sqam/61,sqam,vocal-orchestra,flac decode -j1,1,0.168167875,13183964,13183922,31575600,2,44100
sqam/61,sqam,vocal-orchestra,flac -8 -j1,1,0.564323208,12556189,12547579,31575600,2,44100
sqam/61,sqam,vocal-orchestra,flac -8 -j2,2,0.290292792,12556189,12547579,31575600,2,44100
sqam/61,sqam,vocal-orchestra,flac -8 -j4,4,0.152893959,12556189,12547579,31575600,2,44100
sqam/61,sqam,vocal-orchestra,flac -8 -j8,8,0.118197792,12556189,12547579,31575600,2,44100
sqam/61,sqam,vocal-orchestra,flac -5 -j1,1,0.275225167,12649338,12640728,31575600,2,44100
sqam/62,sqam,vocal-orchestra,vinyl -j1,1,0.295585042,1724565,1724523,5468400,2,44100
sqam/62,sqam,vocal-orchestra,vinyl -j2,2,0.15496625,1724565,1724523,5468400,2,44100
sqam/62,sqam,vocal-orchestra,vinyl -j4,4,0.081887917,1724565,1724523,5468400,2,44100
sqam/62,sqam,vocal-orchestra,vinyl -j8,8,0.054655417,1724565,1724523,5468400,2,44100
sqam/62,sqam,vocal-orchestra,vinyl decode -j1,1,0.120504959,1724565,1724523,5468400,2,44100
sqam/62,sqam,vocal-orchestra,vinyl decode -j2,2,0.065663833,1724565,1724523,5468400,2,44100
sqam/62,sqam,vocal-orchestra,vinyl decode -j4,4,0.037126083,1724565,1724523,5468400,2,44100
sqam/62,sqam,vocal-orchestra,vinyl decode -j8,8,0.02793275,1724565,1724523,5468400,2,44100
sqam/62,sqam,vocal-orchestra,flac decode -j1,1,0.030178959,1724565,1724523,5468400,2,44100
sqam/62,sqam,vocal-orchestra,flac -8 -j1,1,0.093308125,1614883,1606525,5468400,2,44100
sqam/62,sqam,vocal-orchestra,flac -8 -j2,2,0.049966667,1614883,1606525,5468400,2,44100
sqam/62,sqam,vocal-orchestra,flac -8 -j4,4,0.027865042,1614883,1606525,5468400,2,44100
sqam/62,sqam,vocal-orchestra,flac -8 -j8,8,0.022374208,1614883,1606525,5468400,2,44100
sqam/62,sqam,vocal-orchestra,flac -5 -j1,1,0.047994375,1638956,1630598,5468400,2,44100
sqam/63,sqam,vocal-orchestra,vinyl -j1,1,0.562899166,4039346,4039304,10054800,2,44100
sqam/63,sqam,vocal-orchestra,vinyl -j2,2,0.294187625,4039346,4039304,10054800,2,44100
sqam/63,sqam,vocal-orchestra,vinyl -j4,4,0.15390975,4039346,4039304,10054800,2,44100
sqam/63,sqam,vocal-orchestra,vinyl -j8,8,0.100146042,4039346,4039304,10054800,2,44100
sqam/63,sqam,vocal-orchestra,vinyl decode -j1,1,0.23582475,4039346,4039304,10054800,2,44100
sqam/63,sqam,vocal-orchestra,vinyl decode -j2,2,0.126691334,4039346,4039304,10054800,2,44100
sqam/63,sqam,vocal-orchestra,vinyl decode -j4,4,0.0681755,4039346,4039304,10054800,2,44100
sqam/63,sqam,vocal-orchestra,vinyl decode -j8,8,0.049110458,4039346,4039304,10054800,2,44100
sqam/63,sqam,vocal-orchestra,flac decode -j1,1,0.055376833,4039346,4039304,10054800,2,44100
sqam/63,sqam,vocal-orchestra,flac -8 -j1,1,0.176250083,3855219,3846825,10054800,2,44100
sqam/63,sqam,vocal-orchestra,flac -8 -j2,2,0.092240917,3855219,3846825,10054800,2,44100
sqam/63,sqam,vocal-orchestra,flac -8 -j4,4,0.050304083,3855219,3846825,10054800,2,44100
sqam/63,sqam,vocal-orchestra,flac -8 -j8,8,0.03961925,3855219,3846825,10054800,2,44100
sqam/63,sqam,vocal-orchestra,flac -5 -j1,1,0.088081459,3888608,3880214,10054800,2,44100
sqam/64,sqam,vocal-orchestra,vinyl -j1,1,0.297142209,2777577,2777535,5468400,2,44100
sqam/64,sqam,vocal-orchestra,vinyl -j2,2,0.15642425,2777577,2777535,5468400,2,44100
sqam/64,sqam,vocal-orchestra,vinyl -j4,4,0.083680375,2777577,2777535,5468400,2,44100
sqam/64,sqam,vocal-orchestra,vinyl -j8,8,0.054716625,2777577,2777535,5468400,2,44100
sqam/64,sqam,vocal-orchestra,vinyl decode -j1,1,0.130221708,2777577,2777535,5468400,2,44100
sqam/64,sqam,vocal-orchestra,vinyl decode -j2,2,0.070803708,2777577,2777535,5468400,2,44100
sqam/64,sqam,vocal-orchestra,vinyl decode -j4,4,0.039197125,2777577,2777535,5468400,2,44100
sqam/64,sqam,vocal-orchestra,vinyl decode -j8,8,0.028976333,2777577,2777535,5468400,2,44100
sqam/64,sqam,vocal-orchestra,flac decode -j1,1,0.030960708,2777577,2777535,5468400,2,44100
sqam/64,sqam,vocal-orchestra,flac -8 -j1,1,0.094133083,2682042,2673684,5468400,2,44100
sqam/64,sqam,vocal-orchestra,flac -8 -j2,2,0.050080833,2682042,2673684,5468400,2,44100
sqam/64,sqam,vocal-orchestra,flac -8 -j4,4,0.028514083,2682042,2673684,5468400,2,44100
sqam/64,sqam,vocal-orchestra,flac -8 -j8,8,0.022692625,2682042,2673684,5468400,2,44100
sqam/64,sqam,vocal-orchestra,flac -5 -j1,1,0.048948625,2691992,2683634,5468400,2,44100
sqam/65,sqam,orchestra,vinyl -j1,1,1.117076,7489714,7489672,19756800,2,44100
sqam/65,sqam,orchestra,vinyl -j2,2,0.580256167,7489714,7489672,19756800,2,44100
sqam/65,sqam,orchestra,vinyl -j4,4,0.301478334,7489714,7489672,19756800,2,44100
sqam/65,sqam,orchestra,vinyl -j8,8,0.198055916,7489714,7489672,19756800,2,44100
sqam/65,sqam,orchestra,vinyl decode -j1,1,0.4486765,7489714,7489672,19756800,2,44100
sqam/65,sqam,orchestra,vinyl decode -j2,2,0.240124125,7489714,7489672,19756800,2,44100
sqam/65,sqam,orchestra,vinyl decode -j4,4,0.1274135,7489714,7489672,19756800,2,44100
sqam/65,sqam,orchestra,vinyl decode -j8,8,0.089697,7489714,7489672,19756800,2,44100
sqam/65,sqam,orchestra,flac decode -j1,1,0.103065417,7489714,7489672,19756800,2,44100
sqam/65,sqam,orchestra,flac -8 -j1,1,0.337284125,7175496,7166994,19756800,2,44100
sqam/65,sqam,orchestra,flac -8 -j2,2,0.175286917,7175496,7166994,19756800,2,44100
sqam/65,sqam,orchestra,flac -8 -j4,4,0.092937167,7175496,7166994,19756800,2,44100
sqam/65,sqam,orchestra,flac -8 -j8,8,0.072467833,7175496,7166994,19756800,2,44100
sqam/65,sqam,orchestra,flac -5 -j1,1,0.16589375,7192397,7183895,19756800,2,44100
sqam/66,sqam,orchestra,vinyl -j1,1,0.159025792,1242752,1242710,3175200,2,44100
sqam/66,sqam,orchestra,vinyl -j2,2,0.084482375,1242752,1242710,3175200,2,44100
sqam/66,sqam,orchestra,vinyl -j4,4,0.04622775,1242752,1242710,3175200,2,44100
sqam/66,sqam,orchestra,vinyl -j8,8,0.034635584,1242752,1242710,3175200,2,44100
sqam/66,sqam,orchestra,vinyl decode -j1,1,0.067942667,1242752,1242710,3175200,2,44100
sqam/66,sqam,orchestra,vinyl decode -j2,2,0.038756833,1242752,1242710,3175200,2,44100
sqam/66,sqam,orchestra,vinyl decode -j4,4,0.023109,1242752,1242710,3175200,2,44100
sqam/66,sqam,orchestra,vinyl decode -j8,8,0.018661792,1242752,1242710,3175200,2,44100
sqam/66,sqam,orchestra,flac decode -j1,1,0.018153667,1242752,1242710,3175200,2,44100
sqam/66,sqam,orchestra,flac -8 -j1,1,0.051413584,1204921,1196599,3175200,2,44100
sqam/66,sqam,orchestra,flac -8 -j2,2,0.0287885,1204921,1196599,3175200,2,44100
sqam/66,sqam,orchestra,flac -8 -j4,4,0.016913084,1204921,1196599,3175200,2,44100
sqam/66,sqam,orchestra,flac -8 -j8,8,0.014095333,1204921,1196599,3175200,2,44100
sqam/66,sqam,orchestra,flac -5 -j1,1,0.027930792,1213406,1205084,3175200,2,44100
sqam/67,sqam,orchestra,vinyl -j1,1,0.829257166,5083988,5083946,14464800,2,44100
sqam/67,sqam,orchestra,vinyl -j2,2,0.432686834,5083988,5083946,14464800,2,44100
sqam/67,sqam,orchestra,vinyl -j4,4,0.224547125,5083988,5083946,14464800,2,44100
sqam/67,sqam,orchestra,vinyl -j8,8,0.148809042,5083988,5083946,14464800,2,44100
sqam/67,sqam,orchestra,vinyl decode -j1,1,0.319044375,5083988,5083946,14464800,2,44100
sqam/67,sqam,orchestra,vinyl decode -j2,2,0.170646667,5083988,5083946,14464800,2,44100
sqam/67,sqam,orchestra,vinyl decode -j4,4,0.0920775,5083988,5083946,14464800,2,44100
sqam/67,sqam,orchestra,vinyl decode -j8,8,0.065735417,5083988,5083946,14464800,2,44100
sqam/67,sqam,orchestra,flac decode -j1,1,0.074651917,5083988,5083946,14464800,2,44100
sqam/67,sqam,orchestra,flac -8 -j1,1,0.250423542,4835697,4827249,14464800,2,44100
sqam/67,sqam,orchestra,flac -8 -j2,2,0.130275542,4835697,4827249,14464800,2,44100
sqam/67,sqam,orchestra,flac -8 -j4,4,0.069648167,4835697,4827249,14464800,2,44100
sqam/67,sqam,orchestra,flac -8 -j8,8,0.056061042,4835697,4827249,14464800,2,44100
sqam/67,sqam,orchestra,flac -5 -j1,1,0.12222075,4857908,4849460,14464800,2,44100
sqam/68,sqam,orchestra,vinyl -j1,1,1.633884292,8803740,8803698,28929600,2,44100
sqam/68,sqam,orchestra,vinyl -j2,2,0.845984916,8803740,8803698,28929600,2,44100
sqam/68,sqam,orchestra,vinyl -j4,4,0.43755025,8803740,8803698,28929600,2,44100
sqam/68,sqam,orchestra,vinyl -j8,8,0.285505,8803740,8803698,28929600,2,44100
sqam/68,sqam,orchestra,vinyl decode -j1,1,0.639104708,8803740,8803698,28929600,2,44100
sqam/68,sqam,orchestra,vinyl decode -j2,2,0.341831541,8803740,8803698,28929600,2,44100
sqam/68,sqam,orchestra,vinyl decode -j4,4,0.180363375,8803740,8803698,28929600,2,44100
sqam/68,sqam,orchestra,vinyl decode -j8,8,0.130441,8803740,8803698,28929600,2,44100
sqam/68,sqam,orchestra,flac decode -j1,1,0.150777459,8803740,8803698,28929600,2,44100
sqam/68,sqam,orchestra,flac -8 -j1,1,0.48551475,8116698,8108106,28929600,2,44100
sqam/68,sqam,orchestra,flac -8 -j2,2,0.2520255,8116698,8108106,28929600,2,44100
sqam/68,sqam,orchestra,flac -8 -j4,4,0.133224833,8116698,8108106,28929600,2,44100
sqam/68,sqam,orchestra,flac -8 -j8,8,0.103352375,8116698,8108106,28929600,2,44100
sqam/68,sqam,orchestra,flac -5 -j1,1,0.23936825,8135720,8127128,28929600,2,44100
sqam/69,sqam,pop,vinyl -j1,1,0.304498584,2476597,2476555,5821200,2,44100
sqam/69,sqam,pop,vinyl -j2,2,0.160173833,2476597,2476555,5821200,2,44100
sqam/69,sqam,pop,vinyl -j4,4,0.084731042,2476597,2476555,5821200,2,44100
sqam/69,sqam,pop,vinyl -j8,8,0.057017,2476597,2476555,5821200,2,44100
sqam/69,sqam,pop,vinyl decode -j1,1,0.132407042,2476597,2476555,5821200,2,44100
sqam/69,sqam,pop,vinyl decode -j2,2,0.072242542,2476597,2476555,5821200,2,44100
sqam/69,sqam,pop,vinyl decode -j4,4,0.039915625,2476597,2476555,5821200,2,44100
sqam/69,sqam,pop,vinyl decode -j8,8,0.030302667,2476597,2476555,5821200,2,44100
sqam/69,sqam,pop,flac decode -j1,1,0.031461917,2476597,2476555,5821200,2,44100
sqam/69,sqam,pop,flac -8 -j1,1,0.098359875,2363622,2355264,5821200,2,44100
sqam/69,sqam,pop,flac -8 -j2,2,0.0523945,2363622,2355264,5821200,2,44100
sqam/69,sqam,pop,flac -8 -j4,4,0.029666,2363622,2355264,5821200,2,44100
sqam/69,sqam,pop,flac -8 -j8,8,0.024026666,2363622,2355264,5821200,2,44100
sqam/69,sqam,pop,flac -5 -j1,1,0.050424959,2393971,2385613,5821200,2,44100
sqam/70,sqam,pop,vinyl -j1,1,0.178082208,1373369,1373327,3704400,2,44100
sqam/70,sqam,pop,vinyl -j2,2,0.094665416,1373369,1373327,3704400,2,44100
sqam/70,sqam,pop,vinyl -j4,4,0.05078775,1373369,1373327,3704400,2,44100
sqam/70,sqam,pop,vinyl -j8,8,0.034995167,1373369,1373327,3704400,2,44100
sqam/70,sqam,pop,vinyl decode -j1,1,0.06833425,1373369,1373327,3704400,2,44100
sqam/70,sqam,pop,vinyl decode -j2,2,0.038724292,1373369,1373327,3704400,2,44100
sqam/70,sqam,pop,vinyl decode -j4,4,0.023053292,1373369,1373327,3704400,2,44100
sqam/70,sqam,pop,vinyl decode -j8,8,0.018241083,1373369,1373327,3704400,2,44100
sqam/70,sqam,pop,flac decode -j1,1,0.019658375,1373369,1373327,3704400,2,44100
sqam/70,sqam,pop,flac -8 -j1,1,0.058318,1315640,1307300,3704400,2,44100
sqam/70,sqam,pop,flac -8 -j2,2,0.0321045,1315640,1307300,3704400,2,44100
sqam/70,sqam,pop,flac -8 -j4,4,0.018936541,1315640,1307300,3704400,2,44100
sqam/70,sqam,pop,flac -8 -j8,8,0.015824875,1315640,1307300,3704400,2,44100
sqam/70,sqam,pop,flac -5 -j1,1,0.031412666,1332025,1323685,3704400,2,44100
librispeech-test-clean/1089,librispeech-test-clean,speech-clean,vinyl -j1,1,0.865879792,8406371,8406329,15457924,1,16000
librispeech-test-clean/1089,librispeech-test-clean,speech-clean,vinyl -j2,2,0.455401792,8406371,8406329,15457924,1,16000
librispeech-test-clean/1089,librispeech-test-clean,speech-clean,vinyl -j4,4,0.232997459,8406371,8406329,15457924,1,16000
librispeech-test-clean/1089,librispeech-test-clean,speech-clean,vinyl -j8,8,0.1535825,8406371,8406329,15457924,1,16000
librispeech-test-clean/1089,librispeech-test-clean,speech-clean,vinyl decode -j1,1,0.334470833,8406371,8406329,15457924,1,16000
librispeech-test-clean/1089,librispeech-test-clean,speech-clean,vinyl decode -j2,2,0.182192584,8406371,8406329,15457924,1,16000
librispeech-test-clean/1089,librispeech-test-clean,speech-clean,vinyl decode -j4,4,0.096025292,8406371,8406329,15457924,1,16000
librispeech-test-clean/1089,librispeech-test-clean,speech-clean,vinyl decode -j8,8,0.071723666,8406371,8406329,15457924,1,16000
librispeech-test-clean/1089,librispeech-test-clean,speech-clean,flac decode -j1,1,0.081624291,8406371,8406329,15457924,1,16000
librispeech-test-clean/1089,librispeech-test-clean,speech-clean,flac -8 -j1,1,0.176813458,8080382,8071214,15457924,1,16000
librispeech-test-clean/1089,librispeech-test-clean,speech-clean,flac -8 -j2,2,0.092638084,8080382,8071214,15457924,1,16000
librispeech-test-clean/1089,librispeech-test-clean,speech-clean,flac -8 -j4,4,0.050236791,8080382,8071214,15457924,1,16000
librispeech-test-clean/1089,librispeech-test-clean,speech-clean,flac -8 -j8,8,0.040155084,8080382,8071214,15457924,1,16000
librispeech-test-clean/1089,librispeech-test-clean,speech-clean,flac -5 -j1,1,0.100696042,8192540,8183372,15457924,1,16000
librispeech-test-clean/1188,librispeech-test-clean,speech-clean,vinyl -j1,1,0.891042708,7919472,7919430,15741918,1,16000
librispeech-test-clean/1188,librispeech-test-clean,speech-clean,vinyl -j2,2,0.469328167,7919472,7919430,15741918,1,16000
librispeech-test-clean/1188,librispeech-test-clean,speech-clean,vinyl -j4,4,0.239948958,7919472,7919430,15741918,1,16000
librispeech-test-clean/1188,librispeech-test-clean,speech-clean,vinyl -j8,8,0.158704958,7919472,7919430,15741918,1,16000
librispeech-test-clean/1188,librispeech-test-clean,speech-clean,vinyl decode -j1,1,0.342995917,7919472,7919430,15741918,1,16000
librispeech-test-clean/1188,librispeech-test-clean,speech-clean,vinyl decode -j2,2,0.187064084,7919472,7919430,15741918,1,16000
librispeech-test-clean/1188,librispeech-test-clean,speech-clean,vinyl decode -j4,4,0.098978125,7919472,7919430,15741918,1,16000
librispeech-test-clean/1188,librispeech-test-clean,speech-clean,vinyl decode -j8,8,0.073510042,7919472,7919430,15741918,1,16000
librispeech-test-clean/1188,librispeech-test-clean,speech-clean,flac decode -j1,1,0.084363708,7919472,7919430,15741918,1,16000
librispeech-test-clean/1188,librispeech-test-clean,speech-clean,flac -8 -j1,1,0.175401833,7594609,7585423,15741918,1,16000
librispeech-test-clean/1188,librispeech-test-clean,speech-clean,flac -8 -j2,2,0.09405925,7594609,7585423,15741918,1,16000
librispeech-test-clean/1188,librispeech-test-clean,speech-clean,flac -8 -j4,4,0.051182834,7594609,7585423,15741918,1,16000
librispeech-test-clean/1188,librispeech-test-clean,speech-clean,flac -8 -j8,8,0.040235292,7594609,7585423,15741918,1,16000
librispeech-test-clean/1188,librispeech-test-clean,speech-clean,flac -5 -j1,1,0.101519584,7698652,7689466,15741918,1,16000
librispeech-test-clean/121,librispeech-test-clean,speech-clean,vinyl -j1,1,0.847673166,8248633,8248591,15378720,1,16000
librispeech-test-clean/121,librispeech-test-clean,speech-clean,vinyl -j2,2,0.445203834,8248633,8248591,15378720,1,16000
librispeech-test-clean/121,librispeech-test-clean,speech-clean,vinyl -j4,4,0.229107833,8248633,8248591,15378720,1,16000
librispeech-test-clean/121,librispeech-test-clean,speech-clean,vinyl -j8,8,0.147902792,8248633,8248591,15378720,1,16000
librispeech-test-clean/121,librispeech-test-clean,speech-clean,vinyl decode -j1,1,0.315537792,8248633,8248591,15378720,1,16000
librispeech-test-clean/121,librispeech-test-clean,speech-clean,vinyl decode -j2,2,0.172465667,8248633,8248591,15378720,1,16000
librispeech-test-clean/121,librispeech-test-clean,speech-clean,vinyl decode -j4,4,0.092526083,8248633,8248591,15378720,1,16000
librispeech-test-clean/121,librispeech-test-clean,speech-clean,vinyl decode -j8,8,0.06707025,8248633,8248591,15378720,1,16000
librispeech-test-clean/121,librispeech-test-clean,speech-clean,flac decode -j1,1,0.081134709,8248633,8248591,15378720,1,16000
librispeech-test-clean/121,librispeech-test-clean,speech-clean,flac -8 -j1,1,0.16821975,7953320,7944152,15378720,1,16000
librispeech-test-clean/121,librispeech-test-clean,speech-clean,flac -8 -j2,2,0.09030275,7953320,7944152,15378720,1,16000
librispeech-test-clean/121,librispeech-test-clean,speech-clean,flac -8 -j4,4,0.048359334,7953320,7944152,15378720,1,16000
librispeech-test-clean/121,librispeech-test-clean,speech-clean,flac -8 -j8,8,0.039181458,7953320,7944152,15378720,1,16000
librispeech-test-clean/121,librispeech-test-clean,speech-clean,flac -5 -j1,1,0.098156667,8043401,8034233,15378720,1,16000
librispeech-test-clean/1221,librispeech-test-clean,speech-clean,vinyl -j1,1,0.884080917,9904754,9904712,15499040,1,16000
librispeech-test-clean/1221,librispeech-test-clean,speech-clean,vinyl -j2,2,0.464481916,9904754,9904712,15499040,1,16000
librispeech-test-clean/1221,librispeech-test-clean,speech-clean,vinyl -j4,4,0.2388175,9904754,9904712,15499040,1,16000
librispeech-test-clean/1221,librispeech-test-clean,speech-clean,vinyl -j8,8,0.155762958,9904754,9904712,15499040,1,16000
librispeech-test-clean/1221,librispeech-test-clean,speech-clean,vinyl decode -j1,1,0.339416792,9904754,9904712,15499040,1,16000
librispeech-test-clean/1221,librispeech-test-clean,speech-clean,vinyl decode -j2,2,0.185314084,9904754,9904712,15499040,1,16000
librispeech-test-clean/1221,librispeech-test-clean,speech-clean,vinyl decode -j4,4,0.099074375,9904754,9904712,15499040,1,16000
librispeech-test-clean/1221,librispeech-test-clean,speech-clean,vinyl decode -j8,8,0.07155025,9904754,9904712,15499040,1,16000
librispeech-test-clean/1221,librispeech-test-clean,speech-clean,flac decode -j1,1,0.081047167,9904754,9904712,15499040,1,16000
librispeech-test-clean/1221,librispeech-test-clean,speech-clean,flac -8 -j1,1,0.17815125,9587210,9578042,15499040,1,16000
librispeech-test-clean/1221,librispeech-test-clean,speech-clean,flac -8 -j2,2,0.09443025,9587210,9578042,15499040,1,16000
librispeech-test-clean/1221,librispeech-test-clean,speech-clean,flac -8 -j4,4,0.051001042,9587210,9578042,15499040,1,16000
librispeech-test-clean/1221,librispeech-test-clean,speech-clean,flac -8 -j8,8,0.040642875,9587210,9578042,15499040,1,16000
librispeech-test-clean/1221,librispeech-test-clean,speech-clean,flac -5 -j1,1,0.101940541,9654317,9645149,15499040,1,16000
librispeech-test-clean/1284,librispeech-test-clean,speech-clean,vinyl -j1,1,0.888476584,9209583,9209541,15661922,1,16000
librispeech-test-clean/1284,librispeech-test-clean,speech-clean,vinyl -j2,2,0.465815875,9209583,9209541,15661922,1,16000
librispeech-test-clean/1284,librispeech-test-clean,speech-clean,vinyl -j4,4,0.238574667,9209583,9209541,15661922,1,16000
librispeech-test-clean/1284,librispeech-test-clean,speech-clean,vinyl -j8,8,0.154734417,9209583,9209541,15661922,1,16000
librispeech-test-clean/1284,librispeech-test-clean,speech-clean,vinyl decode -j1,1,0.355028042,9209583,9209541,15661922,1,16000
librispeech-test-clean/1284,librispeech-test-clean,speech-clean,vinyl decode -j2,2,0.193034875,9209583,9209541,15661922,1,16000
librispeech-test-clean/1284,librispeech-test-clean,speech-clean,vinyl decode -j4,4,0.101957167,9209583,9209541,15661922,1,16000
librispeech-test-clean/1284,librispeech-test-clean,speech-clean,vinyl decode -j8,8,0.072590583,9209583,9209541,15661922,1,16000
librispeech-test-clean/1284,librispeech-test-clean,speech-clean,flac decode -j1,1,0.085955917,9209583,9209541,15661922,1,16000
librispeech-test-clean/1284,librispeech-test-clean,speech-clean,flac -8 -j1,1,0.179496792,8843818,8834650,15661922,1,16000
librispeech-test-clean/1284,librispeech-test-clean,speech-clean,flac -8 -j2,2,0.094622416,8843818,8834650,15661922,1,16000
librispeech-test-clean/1284,librispeech-test-clean,speech-clean,flac -8 -j4,4,0.051316292,8843818,8834650,15661922,1,16000
librispeech-test-clean/1284,librispeech-test-clean,speech-clean,flac -8 -j8,8,0.040667875,8843818,8834650,15661922,1,16000
librispeech-test-clean/1284,librispeech-test-clean,speech-clean,flac -5 -j1,1,0.102822542,8960263,8951095,15661922,1,16000
librispeech-test-clean/1320,librispeech-test-clean,speech-clean,vinyl -j1,1,0.863181708,8915636,8915594,15400798,1,16000
librispeech-test-clean/1320,librispeech-test-clean,speech-clean,vinyl -j2,2,0.454804542,8915636,8915594,15400798,1,16000
librispeech-test-clean/1320,librispeech-test-clean,speech-clean,vinyl -j4,4,0.233379542,8915636,8915594,15400798,1,16000
librispeech-test-clean/1320,librispeech-test-clean,speech-clean,vinyl -j8,8,0.150751917,8915636,8915594,15400798,1,16000
librispeech-test-clean/1320,librispeech-test-clean,speech-clean,vinyl decode -j1,1,0.342524583,8915636,8915594,15400798,1,16000
librispeech-test-clean/1320,librispeech-test-clean,speech-clean,vinyl decode -j2,2,0.185992334,8915636,8915594,15400798,1,16000
librispeech-test-clean/1320,librispeech-test-clean,speech-clean,vinyl decode -j4,4,0.098634125,8915636,8915594,15400798,1,16000
librispeech-test-clean/1320,librispeech-test-clean,speech-clean,vinyl decode -j8,8,0.070895792,8915636,8915594,15400798,1,16000
librispeech-test-clean/1320,librispeech-test-clean,speech-clean,flac decode -j1,1,0.082312584,8915636,8915594,15400798,1,16000
librispeech-test-clean/1320,librispeech-test-clean,speech-clean,flac -8 -j1,1,0.18157825,8558907,8549739,15400798,1,16000
librispeech-test-clean/1320,librispeech-test-clean,speech-clean,flac -8 -j2,2,0.093424917,8558907,8549739,15400798,1,16000
librispeech-test-clean/1320,librispeech-test-clean,speech-clean,flac -8 -j4,4,0.05057125,8558907,8549739,15400798,1,16000
librispeech-test-clean/1320,librispeech-test-clean,speech-clean,flac -8 -j8,8,0.039905917,8558907,8549739,15400798,1,16000
librispeech-test-clean/1320,librispeech-test-clean,speech-clean,flac -5 -j1,1,0.100811666,8688202,8679034,15400798,1,16000
librispeech-test-clean/1580,librispeech-test-clean,speech-clean,vinyl -j1,1,0.896815833,9660998,9660956,15496962,1,16000
librispeech-test-clean/1580,librispeech-test-clean,speech-clean,vinyl -j2,2,0.473402958,9660998,9660956,15496962,1,16000
librispeech-test-clean/1580,librispeech-test-clean,speech-clean,vinyl -j4,4,0.243226958,9660998,9660956,15496962,1,16000
librispeech-test-clean/1580,librispeech-test-clean,speech-clean,vinyl -j8,8,0.157072834,9660998,9660956,15496962,1,16000
librispeech-test-clean/1580,librispeech-test-clean,speech-clean,vinyl decode -j1,1,0.346122334,9660998,9660956,15496962,1,16000
librispeech-test-clean/1580,librispeech-test-clean,speech-clean,vinyl decode -j2,2,0.18950125,9660998,9660956,15496962,1,16000
librispeech-test-clean/1580,librispeech-test-clean,speech-clean,vinyl decode -j4,4,0.099554958,9660998,9660956,15496962,1,16000
librispeech-test-clean/1580,librispeech-test-clean,speech-clean,vinyl decode -j8,8,0.071421834,9660998,9660956,15496962,1,16000
librispeech-test-clean/1580,librispeech-test-clean,speech-clean,flac decode -j1,1,0.082356541,9660998,9660956,15496962,1,16000
librispeech-test-clean/1580,librispeech-test-clean,speech-clean,flac -8 -j1,1,0.1837925,9323336,9314168,15496962,1,16000
librispeech-test-clean/1580,librispeech-test-clean,speech-clean,flac -8 -j2,2,0.093992833,9323336,9314168,15496962,1,16000
librispeech-test-clean/1580,librispeech-test-clean,speech-clean,flac -8 -j4,4,0.050983291,9323336,9314168,15496962,1,16000
librispeech-test-clean/1580,librispeech-test-clean,speech-clean,flac -8 -j8,8,0.039521834,9323336,9314168,15496962,1,16000
librispeech-test-clean/1580,librispeech-test-clean,speech-clean,flac -5 -j1,1,0.101514667,9414044,9404876,15496962,1,16000
librispeech-test-clean/1995,librispeech-test-clean,speech-clean,vinyl -j1,1,0.862122625,8835576,8835534,15480164,1,16000
librispeech-test-clean/1995,librispeech-test-clean,speech-clean,vinyl -j2,2,0.45426025,8835576,8835534,15480164,1,16000
librispeech-test-clean/1995,librispeech-test-clean,speech-clean,vinyl -j4,4,0.233271875,8835576,8835534,15480164,1,16000
librispeech-test-clean/1995,librispeech-test-clean,speech-clean,vinyl -j8,8,0.152083375,8835576,8835534,15480164,1,16000
librispeech-test-clean/1995,librispeech-test-clean,speech-clean,vinyl decode -j1,1,0.337890041,8835576,8835534,15480164,1,16000
librispeech-test-clean/1995,librispeech-test-clean,speech-clean,vinyl decode -j2,2,0.183198541,8835576,8835534,15480164,1,16000
librispeech-test-clean/1995,librispeech-test-clean,speech-clean,vinyl decode -j4,4,0.09773075,8835576,8835534,15480164,1,16000
librispeech-test-clean/1995,librispeech-test-clean,speech-clean,vinyl decode -j8,8,0.069578834,8835576,8835534,15480164,1,16000
librispeech-test-clean/1995,librispeech-test-clean,speech-clean,flac decode -j1,1,0.082041167,8835576,8835534,15480164,1,16000
librispeech-test-clean/1995,librispeech-test-clean,speech-clean,flac -8 -j1,1,0.177920959,8525774,8516606,15480164,1,16000
librispeech-test-clean/1995,librispeech-test-clean,speech-clean,flac -8 -j2,2,0.093641959,8525774,8516606,15480164,1,16000
librispeech-test-clean/1995,librispeech-test-clean,speech-clean,flac -8 -j4,4,0.050228833,8525774,8516606,15480164,1,16000
librispeech-test-clean/1995,librispeech-test-clean,speech-clean,flac -8 -j8,8,0.039688167,8525774,8516606,15480164,1,16000
librispeech-test-clean/1995,librispeech-test-clean,speech-clean,flac -5 -j1,1,0.100812166,8608933,8599765,15480164,1,16000
librispeech-test-clean/2094,librispeech-test-clean,speech-clean,vinyl -j1,1,0.856365792,9567889,9567847,15540640,1,16000
librispeech-test-clean/2094,librispeech-test-clean,speech-clean,vinyl -j2,2,0.4516185,9567889,9567847,15540640,1,16000
librispeech-test-clean/2094,librispeech-test-clean,speech-clean,vinyl -j4,4,0.231534333,9567889,9567847,15540640,1,16000
librispeech-test-clean/2094,librispeech-test-clean,speech-clean,vinyl -j8,8,0.149705125,9567889,9567847,15540640,1,16000
librispeech-test-clean/2094,librispeech-test-clean,speech-clean,vinyl decode -j1,1,0.333759833,9567889,9567847,15540640,1,16000
librispeech-test-clean/2094,librispeech-test-clean,speech-clean,vinyl decode -j2,2,0.181198083,9567889,9567847,15540640,1,16000
librispeech-test-clean/2094,librispeech-test-clean,speech-clean,vinyl decode -j4,4,0.09661575,9567889,9567847,15540640,1,16000
librispeech-test-clean/2094,librispeech-test-clean,speech-clean,vinyl decode -j8,8,0.068962083,9567889,9567847,15540640,1,16000
librispeech-test-clean/2094,librispeech-test-clean,speech-clean,flac decode -j1,1,0.081289375,9567889,9567847,15540640,1,16000
librispeech-test-clean/2094,librispeech-test-clean,speech-clean,flac -8 -j1,1,0.18200875,9238105,9228937,15540640,1,16000
librispeech-test-clean/2094,librispeech-test-clean,speech-clean,flac -8 -j2,2,0.093102709,9238105,9228937,15540640,1,16000
librispeech-test-clean/2094,librispeech-test-clean,speech-clean,flac -8 -j4,4,0.050510875,9238105,9228937,15540640,1,16000
librispeech-test-clean/2094,librispeech-test-clean,speech-clean,flac -8 -j8,8,0.040353042,9238105,9228937,15540640,1,16000
librispeech-test-clean/2094,librispeech-test-clean,speech-clean,flac -5 -j1,1,0.101643208,9326581,9317413,15540640,1,16000
librispeech-test-clean/2300,librispeech-test-clean,speech-clean,vinyl -j1,1,0.871526958,8783916,8783874,15718240,1,16000
librispeech-test-clean/2300,librispeech-test-clean,speech-clean,vinyl -j2,2,0.459353333,8783916,8783874,15718240,1,16000
librispeech-test-clean/2300,librispeech-test-clean,speech-clean,vinyl -j4,4,0.235533792,8783916,8783874,15718240,1,16000
librispeech-test-clean/2300,librispeech-test-clean,speech-clean,vinyl -j8,8,0.151873084,8783916,8783874,15718240,1,16000
librispeech-test-clean/2300,librispeech-test-clean,speech-clean,vinyl decode -j1,1,0.344981792,8783916,8783874,15718240,1,16000
librispeech-test-clean/2300,librispeech-test-clean,speech-clean,vinyl decode -j2,2,0.186568834,8783916,8783874,15718240,1,16000
librispeech-test-clean/2300,librispeech-test-clean,speech-clean,vinyl decode -j4,4,0.098211959,8783916,8783874,15718240,1,16000
librispeech-test-clean/2300,librispeech-test-clean,speech-clean,vinyl decode -j8,8,0.070649584,8783916,8783874,15718240,1,16000
librispeech-test-clean/2300,librispeech-test-clean,speech-clean,flac decode -j1,1,0.084465208,8783916,8783874,15718240,1,16000
librispeech-test-clean/2300,librispeech-test-clean,speech-clean,flac -8 -j1,1,0.182358667,8427977,8418791,15718240,1,16000
librispeech-test-clean/2300,librispeech-test-clean,speech-clean,flac -8 -j2,2,0.093749333,8427977,8418791,15718240,1,16000
librispeech-test-clean/2300,librispeech-test-clean,speech-clean,flac -8 -j4,4,0.050678084,8427977,8418791,15718240,1,16000
librispeech-test-clean/2300,librispeech-test-clean,speech-clean,flac -8 -j8,8,0.040063208,8427977,8418791,15718240,1,16000
librispeech-test-clean/2300,librispeech-test-clean,speech-clean,flac -5 -j1,1,0.102679083,8560365,8551179,15718240,1,16000
librispeech-test-clean/237,librispeech-test-clean,speech-clean,vinyl -j1,1,0.892671125,8982620,8982578,15407518,1,16000
librispeech-test-clean/237,librispeech-test-clean,speech-clean,vinyl -j2,2,0.469909709,8982620,8982578,15407518,1,16000
librispeech-test-clean/237,librispeech-test-clean,speech-clean,vinyl -j4,4,0.241112125,8982620,8982578,15407518,1,16000
librispeech-test-clean/237,librispeech-test-clean,speech-clean,vinyl -j8,8,0.1582705,8982620,8982578,15407518,1,16000
librispeech-test-clean/237,librispeech-test-clean,speech-clean,vinyl decode -j1,1,0.353381125,8982620,8982578,15407518,1,16000
librispeech-test-clean/237,librispeech-test-clean,speech-clean,vinyl decode -j2,2,0.19138825,8982620,8982578,15407518,1,16000
librispeech-test-clean/237,librispeech-test-clean,speech-clean,vinyl decode -j4,4,0.101047084,8982620,8982578,15407518,1,16000
librispeech-test-clean/237,librispeech-test-clean,speech-clean,vinyl decode -j8,8,0.071785667,8982620,8982578,15407518,1,16000
librispeech-test-clean/237,librispeech-test-clean,speech-clean,flac decode -j1,1,0.083290833,8982620,8982578,15407518,1,16000
librispeech-test-clean/237,librispeech-test-clean,speech-clean,flac -8 -j1,1,0.177212417,8667172,8658004,15407518,1,16000
librispeech-test-clean/237,librispeech-test-clean,speech-clean,flac -8 -j2,2,0.093039292,8667172,8658004,15407518,1,16000
librispeech-test-clean/237,librispeech-test-clean,speech-clean,flac -8 -j4,4,0.05020875,8667172,8658004,15407518,1,16000
librispeech-test-clean/237,librispeech-test-clean,speech-clean,flac -8 -j8,8,0.039566625,8667172,8658004,15407518,1,16000
librispeech-test-clean/237,librispeech-test-clean,speech-clean,flac -5 -j1,1,0.10098825,8744728,8735560,15407518,1,16000
librispeech-test-clean/260,librispeech-test-clean,speech-clean,vinyl -j1,1,0.856539208,8448260,8448218,15459682,1,16000
librispeech-test-clean/260,librispeech-test-clean,speech-clean,vinyl -j2,2,0.452643584,8448260,8448218,15459682,1,16000
librispeech-test-clean/260,librispeech-test-clean,speech-clean,vinyl -j4,4,0.231404125,8448260,8448218,15459682,1,16000
librispeech-test-clean/260,librispeech-test-clean,speech-clean,vinyl -j8,8,0.149156375,8448260,8448218,15459682,1,16000
librispeech-test-clean/260,librispeech-test-clean,speech-clean,vinyl decode -j1,1,0.327119459,8448260,8448218,15459682,1,16000
librispeech-test-clean/260,librispeech-test-clean,speech-clean,vinyl decode -j2,2,0.178031625,8448260,8448218,15459682,1,16000
librispeech-test-clean/260,librispeech-test-clean,speech-clean,vinyl decode -j4,4,0.0937435,8448260,8448218,15459682,1,16000
librispeech-test-clean/260,librispeech-test-clean,speech-clean,vinyl decode -j8,8,0.067846584,8448260,8448218,15459682,1,16000
librispeech-test-clean/260,librispeech-test-clean,speech-clean,flac decode -j1,1,0.081383667,8448260,8448218,15459682,1,16000
librispeech-test-clean/260,librispeech-test-clean,speech-clean,flac -8 -j1,1,0.178540625,8130111,8120943,15459682,1,16000
librispeech-test-clean/260,librispeech-test-clean,speech-clean,flac -8 -j2,2,0.091796042,8130111,8120943,15459682,1,16000
librispeech-test-clean/260,librispeech-test-clean,speech-clean,flac -8 -j4,4,0.049809833,8130111,8120943,15459682,1,16000
librispeech-test-clean/260,librispeech-test-clean,speech-clean,flac -8 -j8,8,0.038877709,8130111,8120943,15459682,1,16000
librispeech-test-clean/260,librispeech-test-clean,speech-clean,flac -5 -j1,1,0.100060166,8230933,8221765,15459682,1,16000
librispeech-test-clean/2830,librispeech-test-clean,speech-clean,vinyl -j1,1,0.869822,9221546,9221504,15438404,1,16000
librispeech-test-clean/2830,librispeech-test-clean,speech-clean,vinyl -j2,2,0.459107083,9221546,9221504,15438404,1,16000
librispeech-test-clean/2830,librispeech-test-clean,speech-clean,vinyl -j4,4,0.234778417,9221546,9221504,15438404,1,16000
librispeech-test-clean/2830,librispeech-test-clean,speech-clean,vinyl -j8,8,0.151285958,9221546,9221504,15438404,1,16000
librispeech-test-clean/2830,librispeech-test-clean,speech-clean,vinyl decode -j1,1,0.34195225,9221546,9221504,15438404,1,16000
librispeech-test-clean/2830,librispeech-test-clean,speech-clean,vinyl decode -j2,2,0.186148041,9221546,9221504,15438404,1,16000
librispeech-test-clean/2830,librispeech-test-clean,speech-clean,vinyl decode -j4,4,0.098559375,9221546,9221504,15438404,1,16000
librispeech-test-clean/2830,librispeech-test-clean,speech-clean,vinyl decode -j8,8,0.070886333,9221546,9221504,15438404,1,16000
librispeech-test-clean/2830,librispeech-test-clean,speech-clean,flac decode -j1,1,0.082482042,9221546,9221504,15438404,1,16000
librispeech-test-clean/2830,librispeech-test-clean,speech-clean,flac -8 -j1,1,0.181140334,8872112,8862944,15438404,1,16000
librispeech-test-clean/2830,librispeech-test-clean,speech-clean,flac -8 -j2,2,0.093270458,8872112,8862944,15438404,1,16000
librispeech-test-clean/2830,librispeech-test-clean,speech-clean,flac -8 -j4,4,0.050265375,8872112,8862944,15438404,1,16000
librispeech-test-clean/2830,librispeech-test-clean,speech-clean,flac -8 -j8,8,0.03992475,8872112,8862944,15438404,1,16000
librispeech-test-clean/2830,librispeech-test-clean,speech-clean,flac -5 -j1,1,0.101183958,8969275,8960107,15438404,1,16000
librispeech-test-clean/2961,librispeech-test-clean,speech-clean,vinyl -j1,1,0.902231375,8820487,8820445,15490402,1,16000
librispeech-test-clean/2961,librispeech-test-clean,speech-clean,vinyl -j2,2,0.475270792,8820487,8820445,15490402,1,16000
librispeech-test-clean/2961,librispeech-test-clean,speech-clean,vinyl -j4,4,0.243844083,8820487,8820445,15490402,1,16000
librispeech-test-clean/2961,librispeech-test-clean,speech-clean,vinyl -j8,8,0.156560417,8820487,8820445,15490402,1,16000
librispeech-test-clean/2961,librispeech-test-clean,speech-clean,vinyl decode -j1,1,0.364065041,8820487,8820445,15490402,1,16000
librispeech-test-clean/2961,librispeech-test-clean,speech-clean,vinyl decode -j2,2,0.197339959,8820487,8820445,15490402,1,16000
librispeech-test-clean/2961,librispeech-test-clean,speech-clean,vinyl decode -j4,4,0.103741458,8820487,8820445,15490402,1,16000
librispeech-test-clean/2961,librispeech-test-clean,speech-clean,vinyl decode -j8,8,0.072833208,8820487,8820445,15490402,1,16000
librispeech-test-clean/2961,librispeech-test-clean,speech-clean,flac decode -j1,1,0.084811292,8820487,8820445,15490402,1,16000
librispeech-test-clean/2961,librispeech-test-clean,speech-clean,flac -8 -j1,1,0.179889208,8498289,8489121,15490402,1,16000
librispeech-test-clean/2961,librispeech-test-clean,speech-clean,flac -8 -j2,2,0.092787625,8498289,8489121,15490402,1,16000
librispeech-test-clean/2961,librispeech-test-clean,speech-clean,flac -8 -j4,4,0.050025083,8498289,8489121,15490402,1,16000
librispeech-test-clean/2961,librispeech-test-clean,speech-clean,flac -8 -j8,8,0.039396625,8498289,8489121,15490402,1,16000
librispeech-test-clean/2961,librispeech-test-clean,speech-clean,flac -5 -j1,1,0.100304083,8579212,8570044,15490402,1,16000
librispeech-test-clean/3570,librispeech-test-clean,speech-clean,vinyl -j1,1,0.879974458,8925217,8925175,15451520,1,16000
librispeech-test-clean/3570,librispeech-test-clean,speech-clean,vinyl -j2,2,0.462001542,8925217,8925175,15451520,1,16000
librispeech-test-clean/3570,librispeech-test-clean,speech-clean,vinyl -j4,4,0.236864875,8925217,8925175,15451520,1,16000
librispeech-test-clean/3570,librispeech-test-clean,speech-clean,vinyl -j8,8,0.153531458,8925217,8925175,15451520,1,16000
librispeech-test-clean/3570,librispeech-test-clean,speech-clean,vinyl decode -j1,1,0.34014175,8925217,8925175,15451520,1,16000
librispeech-test-clean/3570,librispeech-test-clean,speech-clean,vinyl decode -j2,2,0.185653208,8925217,8925175,15451520,1,16000
librispeech-test-clean/3570,librispeech-test-clean,speech-clean,vinyl decode -j4,4,0.098253208,8925217,8925175,15451520,1,16000
librispeech-test-clean/3570,librispeech-test-clean,speech-clean,vinyl decode -j8,8,0.070231833,8925217,8925175,15451520,1,16000
librispeech-test-clean/3570,librispeech-test-clean,speech-clean,flac decode -j1,1,0.083188083,8925217,8925175,15451520,1,16000
librispeech-test-clean/3570,librispeech-test-clean,speech-clean,flac -8 -j1,1,0.178181375,8580490,8571322,15451520,1,16000
librispeech-test-clean/3570,librispeech-test-clean,speech-clean,flac -8 -j2,2,0.09349625,8580490,8571322,15451520,1,16000
librispeech-test-clean/3570,librispeech-test-clean,speech-clean,flac -8 -j4,4,0.050023,8580490,8571322,15451520,1,16000
librispeech-test-clean/3570,librispeech-test-clean,speech-clean,flac -8 -j8,8,0.039286417,8580490,8571322,15451520,1,16000
librispeech-test-clean/3570,librispeech-test-clean,speech-clean,flac -5 -j1,1,0.101071292,8684714,8675546,15451520,1,16000
librispeech-test-clean/3575,librispeech-test-clean,speech-clean,vinyl -j1,1,0.867978166,9230135,9230093,15476006,1,16000
librispeech-test-clean/3575,librispeech-test-clean,speech-clean,vinyl -j2,2,0.458429834,9230135,9230093,15476006,1,16000
librispeech-test-clean/3575,librispeech-test-clean,speech-clean,vinyl -j4,4,0.234936042,9230135,9230093,15476006,1,16000
librispeech-test-clean/3575,librispeech-test-clean,speech-clean,vinyl -j8,8,0.152773541,9230135,9230093,15476006,1,16000
librispeech-test-clean/3575,librispeech-test-clean,speech-clean,vinyl decode -j1,1,0.337127041,9230135,9230093,15476006,1,16000
librispeech-test-clean/3575,librispeech-test-clean,speech-clean,vinyl decode -j2,2,0.183656375,9230135,9230093,15476006,1,16000
librispeech-test-clean/3575,librispeech-test-clean,speech-clean,vinyl decode -j4,4,0.097209375,9230135,9230093,15476006,1,16000
librispeech-test-clean/3575,librispeech-test-clean,speech-clean,vinyl decode -j8,8,0.069597,9230135,9230093,15476006,1,16000
librispeech-test-clean/3575,librispeech-test-clean,speech-clean,flac decode -j1,1,0.081848875,9230135,9230093,15476006,1,16000
librispeech-test-clean/3575,librispeech-test-clean,speech-clean,flac -8 -j1,1,0.182073167,8883170,8874002,15476006,1,16000
librispeech-test-clean/3575,librispeech-test-clean,speech-clean,flac -8 -j2,2,0.093178625,8883170,8874002,15476006,1,16000
librispeech-test-clean/3575,librispeech-test-clean,speech-clean,flac -8 -j4,4,0.050238292,8883170,8874002,15476006,1,16000
librispeech-test-clean/3575,librispeech-test-clean,speech-clean,flac -8 -j8,8,0.039511416,8883170,8874002,15476006,1,16000
librispeech-test-clean/3575,librispeech-test-clean,speech-clean,flac -5 -j1,1,0.101509208,8996237,8987069,15476006,1,16000
librispeech-test-clean/3729,librispeech-test-clean,speech-clean,vinyl -j1,1,0.891506209,8804862,8804820,15414080,1,16000
librispeech-test-clean/3729,librispeech-test-clean,speech-clean,vinyl -j2,2,0.470055542,8804862,8804820,15414080,1,16000
librispeech-test-clean/3729,librispeech-test-clean,speech-clean,vinyl -j4,4,0.241695958,8804862,8804820,15414080,1,16000
librispeech-test-clean/3729,librispeech-test-clean,speech-clean,vinyl -j8,8,0.154522209,8804862,8804820,15414080,1,16000
librispeech-test-clean/3729,librispeech-test-clean,speech-clean,vinyl decode -j1,1,0.365211792,8804862,8804820,15414080,1,16000
librispeech-test-clean/3729,librispeech-test-clean,speech-clean,vinyl decode -j2,2,0.197305209,8804862,8804820,15414080,1,16000
librispeech-test-clean/3729,librispeech-test-clean,speech-clean,vinyl decode -j4,4,0.104278583,8804862,8804820,15414080,1,16000
librispeech-test-clean/3729,librispeech-test-clean,speech-clean,vinyl decode -j8,8,0.073111375,8804862,8804820,15414080,1,16000
librispeech-test-clean/3729,librispeech-test-clean,speech-clean,flac decode -j1,1,0.085255375,8804862,8804820,15414080,1,16000
librispeech-test-clean/3729,librispeech-test-clean,speech-clean,flac -8 -j1,1,0.18285075,8458958,8449790,15414080,1,16000
librispeech-test-clean/3729,librispeech-test-clean,speech-clean,flac -8 -j2,2,0.092598584,8458958,8449790,15414080,1,16000
librispeech-test-clean/3729,librispeech-test-clean,speech-clean,flac -8 -j4,4,0.050170291,8458958,8449790,15414080,1,16000
librispeech-test-clean/3729,librispeech-test-clean,speech-clean,flac -8 -j8,8,0.039423042,8458958,8449790,15414080,1,16000
librispeech-test-clean/3729,librispeech-test-clean,speech-clean,flac -5 -j1,1,0.10030075,8549864,8540696,15414080,1,16000
librispeech-test-clean/4077,librispeech-test-clean,speech-clean,vinyl -j1,1,0.875352125,9616976,9616934,15631198,1,16000
librispeech-test-clean/4077,librispeech-test-clean,speech-clean,vinyl -j2,2,0.461422875,9616976,9616934,15631198,1,16000
librispeech-test-clean/4077,librispeech-test-clean,speech-clean,vinyl -j4,4,0.23667825,9616976,9616934,15631198,1,16000
librispeech-test-clean/4077,librispeech-test-clean,speech-clean,vinyl -j8,8,0.154570292,9616976,9616934,15631198,1,16000
librispeech-test-clean/4077,librispeech-test-clean,speech-clean,vinyl decode -j1,1,0.340144583,9616976,9616934,15631198,1,16000
librispeech-test-clean/4077,librispeech-test-clean,speech-clean,vinyl decode -j2,2,0.184514958,9616976,9616934,15631198,1,16000
librispeech-test-clean/4077,librispeech-test-clean,speech-clean,vinyl decode -j4,4,0.098335625,9616976,9616934,15631198,1,16000
librispeech-test-clean/4077,librispeech-test-clean,speech-clean,vinyl decode -j8,8,0.0712485,9616976,9616934,15631198,1,16000
librispeech-test-clean/4077,librispeech-test-clean,speech-clean,flac decode -j1,1,0.081326791,9616976,9616934,15631198,1,16000
librispeech-test-clean/4077,librispeech-test-clean,speech-clean,flac -8 -j1,1,0.184844292,9256841,9247673,15631198,1,16000
librispeech-test-clean/4077,librispeech-test-clean,speech-clean,flac -8 -j2,2,0.094849875,9256841,9247673,15631198,1,16000
librispeech-test-clean/4077,librispeech-test-clean,speech-clean,flac -8 -j4,4,0.051106167,9256841,9247673,15631198,1,16000
librispeech-test-clean/4077,librispeech-test-clean,speech-clean,flac -8 -j8,8,0.040113167,9256841,9247673,15631198,1,16000
librispeech-test-clean/4077,librispeech-test-clean,speech-clean,flac -5 -j1,1,0.10296225,9363925,9354757,15631198,1,16000
librispeech-test-clean/4446,librispeech-test-clean,speech-clean,vinyl -j1,1,0.874040375,8833676,8833634,15364800,1,16000
librispeech-test-clean/4446,librispeech-test-clean,speech-clean,vinyl -j2,2,0.461041833,8833676,8833634,15364800,1,16000
librispeech-test-clean/4446,librispeech-test-clean,speech-clean,vinyl -j4,4,0.236545666,8833676,8833634,15364800,1,16000
librispeech-test-clean/4446,librispeech-test-clean,speech-clean,vinyl -j8,8,0.153908709,8833676,8833634,15364800,1,16000
librispeech-test-clean/4446,librispeech-test-clean,speech-clean,vinyl decode -j1,1,0.34956025,8833676,8833634,15364800,1,16000
librispeech-test-clean/4446,librispeech-test-clean,speech-clean,vinyl decode -j2,2,0.189958584,8833676,8833634,15364800,1,16000
librispeech-test-clean/4446,librispeech-test-clean,speech-clean,vinyl decode -j4,4,0.099641292,8833676,8833634,15364800,1,16000
librispeech-test-clean/4446,librispeech-test-clean,speech-clean,vinyl decode -j8,8,0.072670125,8833676,8833634,15364800,1,16000
librispeech-test-clean/4446,librispeech-test-clean,speech-clean,flac decode -j1,1,0.082488583,8833676,8833634,15364800,1,16000
librispeech-test-clean/4446,librispeech-test-clean,speech-clean,flac -8 -j1,1,0.182309375,8482107,8472939,15364800,1,16000
librispeech-test-clean/4446,librispeech-test-clean,speech-clean,flac -8 -j2,2,0.093081708,8482107,8472939,15364800,1,16000
librispeech-test-clean/4446,librispeech-test-clean,speech-clean,flac -8 -j4,4,0.050177083,8482107,8472939,15364800,1,16000
librispeech-test-clean/4446,librispeech-test-clean,speech-clean,flac -8 -j8,8,0.039395958,8482107,8472939,15364800,1,16000
librispeech-test-clean/4446,librispeech-test-clean,speech-clean,flac -5 -j1,1,0.100191625,8590384,8581216,15364800,1,16000
librispeech-test-clean/4507,librispeech-test-clean,speech-clean,vinyl -j1,1,0.88821875,8759696,8759654,15465440,1,16000
librispeech-test-clean/4507,librispeech-test-clean,speech-clean,vinyl -j2,2,0.467795584,8759696,8759654,15465440,1,16000
librispeech-test-clean/4507,librispeech-test-clean,speech-clean,vinyl -j4,4,0.240855792,8759696,8759654,15465440,1,16000
librispeech-test-clean/4507,librispeech-test-clean,speech-clean,vinyl -j8,8,0.154961167,8759696,8759654,15465440,1,16000
librispeech-test-clean/4507,librispeech-test-clean,speech-clean,vinyl decode -j1,1,0.358999458,8759696,8759654,15465440,1,16000
librispeech-test-clean/4507,librispeech-test-clean,speech-clean,vinyl decode -j2,2,0.194473791,8759696,8759654,15465440,1,16000
librispeech-test-clean/4507,librispeech-test-clean,speech-clean,vinyl decode -j4,4,0.102328792,8759696,8759654,15465440,1,16000
librispeech-test-clean/4507,librispeech-test-clean,speech-clean,vinyl decode -j8,8,0.071866834,8759696,8759654,15465440,1,16000
librispeech-test-clean/4507,librispeech-test-clean,speech-clean,flac decode -j1,1,0.084695709,8759696,8759654,15465440,1,16000
librispeech-test-clean/4507,librispeech-test-clean,speech-clean,flac -8 -j1,1,0.182108958,8422891,8413723,15465440,1,16000
librispeech-test-clean/4507,librispeech-test-clean,speech-clean,flac -8 -j2,2,0.092528041,8422891,8413723,15465440,1,16000
librispeech-test-clean/4507,librispeech-test-clean,speech-clean,flac -8 -j4,4,0.050169958,8422891,8413723,15465440,1,16000
librispeech-test-clean/4507,librispeech-test-clean,speech-clean,flac -8 -j8,8,0.039823917,8422891,8413723,15465440,1,16000
librispeech-test-clean/4507,librispeech-test-clean,speech-clean,flac -5 -j1,1,0.1009265,8512866,8503698,15465440,1,16000
librispeech-test-clean/4970,librispeech-test-clean,speech-clean,vinyl -j1,1,0.885384541,8427268,8427226,15654240,1,16000
librispeech-test-clean/4970,librispeech-test-clean,speech-clean,vinyl -j2,2,0.467037833,8427268,8427226,15654240,1,16000
librispeech-test-clean/4970,librispeech-test-clean,speech-clean,vinyl -j4,4,0.239276959,8427268,8427226,15654240,1,16000
librispeech-test-clean/4970,librispeech-test-clean,speech-clean,vinyl -j8,8,0.152954459,8427268,8427226,15654240,1,16000
librispeech-test-clean/4970,librispeech-test-clean,speech-clean,vinyl decode -j1,1,0.337954125,8427268,8427226,15654240,1,16000
librispeech-test-clean/4970,librispeech-test-clean,speech-clean,vinyl decode -j2,2,0.183292125,8427268,8427226,15654240,1,16000
librispeech-test-clean/4970,librispeech-test-clean,speech-clean,vinyl decode -j4,4,0.096785875,8427268,8427226,15654240,1,16000
librispeech-test-clean/4970,librispeech-test-clean,speech-clean,vinyl decode -j8,8,0.069687625,8427268,8427226,15654240,1,16000
librispeech-test-clean/4970,librispeech-test-clean,speech-clean,flac decode -j1,1,0.083687833,8427268,8427226,15654240,1,16000
librispeech-test-clean/4970,librispeech-test-clean,speech-clean,flac -8 -j1,1,0.179703083,8128889,8119721,15654240,1,16000
librispeech-test-clean/4970,librispeech-test-clean,speech-clean,flac -8 -j2,2,0.093474,8128889,8119721,15654240,1,16000
librispeech-test-clean/4970,librispeech-test-clean,speech-clean,flac -8 -j4,4,0.050500166,8128889,8119721,15654240,1,16000
librispeech-test-clean/4970,librispeech-test-clean,speech-clean,flac -8 -j8,8,0.039340625,8128889,8119721,15654240,1,16000
librispeech-test-clean/4970,librispeech-test-clean,speech-clean,flac -5 -j1,1,0.101429666,8207793,8198625,15654240,1,16000
librispeech-test-clean/4992,librispeech-test-clean,speech-clean,vinyl -j1,1,0.893243667,8288654,8288612,15754880,1,16000
librispeech-test-clean/4992,librispeech-test-clean,speech-clean,vinyl -j2,2,0.473765667,8288654,8288612,15754880,1,16000
librispeech-test-clean/4992,librispeech-test-clean,speech-clean,vinyl -j4,4,0.240769875,8288654,8288612,15754880,1,16000
librispeech-test-clean/4992,librispeech-test-clean,speech-clean,vinyl -j8,8,0.154853375,8288654,8288612,15754880,1,16000
librispeech-test-clean/4992,librispeech-test-clean,speech-clean,vinyl decode -j1,1,0.354835833,8288654,8288612,15754880,1,16000
librispeech-test-clean/4992,librispeech-test-clean,speech-clean,vinyl decode -j2,2,0.192178542,8288654,8288612,15754880,1,16000
librispeech-test-clean/4992,librispeech-test-clean,speech-clean,vinyl decode -j4,4,0.100689084,8288654,8288612,15754880,1,16000
librispeech-test-clean/4992,librispeech-test-clean,speech-clean,vinyl decode -j8,8,0.072051166,8288654,8288612,15754880,1,16000
librispeech-test-clean/4992,librispeech-test-clean,speech-clean,flac decode -j1,1,0.084732625,8288654,8288612,15754880,1,16000
librispeech-test-clean/4992,librispeech-test-clean,speech-clean,flac -8 -j1,1,0.181502917,7916167,7906981,15754880,1,16000
librispeech-test-clean/4992,librispeech-test-clean,speech-clean,flac -8 -j2,2,0.094348875,7916167,7906981,15754880,1,16000
librispeech-test-clean/4992,librispeech-test-clean,speech-clean,flac -8 -j4,4,0.050955958,7916167,7906981,15754880,1,16000
librispeech-test-clean/4992,librispeech-test-clean,speech-clean,flac -8 -j8,8,0.039951542,7916167,7906981,15754880,1,16000
librispeech-test-clean/4992,librispeech-test-clean,speech-clean,flac -5 -j1,1,0.102296417,8049654,8040468,15754880,1,16000
librispeech-test-clean/5105,librispeech-test-clean,speech-clean,vinyl -j1,1,0.894719708,9235502,9235460,15598722,1,16000
librispeech-test-clean/5105,librispeech-test-clean,speech-clean,vinyl -j2,2,0.472713583,9235502,9235460,15598722,1,16000
librispeech-test-clean/5105,librispeech-test-clean,speech-clean,vinyl -j4,4,0.24104925,9235502,9235460,15598722,1,16000
librispeech-test-clean/5105,librispeech-test-clean,speech-clean,vinyl -j8,8,0.157765542,9235502,9235460,15598722,1,16000
librispeech-test-clean/5105,librispeech-test-clean,speech-clean,vinyl decode -j1,1,0.359198042,9235502,9235460,15598722,1,16000
librispeech-test-clean/5105,librispeech-test-clean,speech-clean,vinyl decode -j2,2,0.1947185,9235502,9235460,15598722,1,16000
librispeech-test-clean/5105,librispeech-test-clean,speech-clean,vinyl decode -j4,4,0.101918541,9235502,9235460,15598722,1,16000
librispeech-test-clean/5105,librispeech-test-clean,speech-clean,vinyl decode -j8,8,0.076576959,9235502,9235460,15598722,1,16000
librispeech-test-clean/5105,librispeech-test-clean,speech-clean,flac decode -j1,1,0.083596125,9235502,9235460,15598722,1,16000
librispeech-test-clean/5105,librispeech-test-clean,speech-clean,flac -8 -j1,1,0.177656375,8886968,8877800,15598722,1,16000
librispeech-test-clean/5105,librispeech-test-clean,speech-clean,flac -8 -j2,2,0.09343475,8886968,8877800,15598722,1,16000
librispeech-test-clean/5105,librispeech-test-clean,speech-clean,flac -8 -j4,4,0.050471708,8886968,8877800,15598722,1,16000
librispeech-test-clean/5105,librispeech-test-clean,speech-clean,flac -8 -j8,8,0.04116675,8886968,8877800,15598722,1,16000
librispeech-test-clean/5105,librispeech-test-clean,speech-clean,flac -5 -j1,1,0.1016035,8988110,8978942,15598722,1,16000
librispeech-test-clean/5142,librispeech-test-clean,speech-clean,vinyl -j1,1,0.898554542,8994138,8994096,15495840,1,16000
librispeech-test-clean/5142,librispeech-test-clean,speech-clean,vinyl -j2,2,0.473775875,8994138,8994096,15495840,1,16000
librispeech-test-clean/5142,librispeech-test-clean,speech-clean,vinyl -j4,4,0.242792209,8994138,8994096,15495840,1,16000
librispeech-test-clean/5142,librispeech-test-clean,speech-clean,vinyl -j8,8,0.191547,8994138,8994096,15495840,1,16000
librispeech-test-clean/5142,librispeech-test-clean,speech-clean,vinyl decode -j1,1,0.37690725,8994138,8994096,15495840,1,16000
librispeech-test-clean/5142,librispeech-test-clean,speech-clean,vinyl decode -j2,2,0.204379958,8994138,8994096,15495840,1,16000
librispeech-test-clean/5142,librispeech-test-clean,speech-clean,vinyl decode -j4,4,0.107306375,8994138,8994096,15495840,1,16000
librispeech-test-clean/5142,librispeech-test-clean,speech-clean,vinyl decode -j8,8,0.07728325,8994138,8994096,15495840,1,16000
librispeech-test-clean/5142,librispeech-test-clean,speech-clean,flac decode -j1,1,0.087713458,8994138,8994096,15495840,1,16000
librispeech-test-clean/5142,librispeech-test-clean,speech-clean,flac -8 -j1,1,0.182786583,8560683,8551515,15495840,1,16000
librispeech-test-clean/5142,librispeech-test-clean,speech-clean,flac -8 -j2,2,0.093647791,8560683,8551515,15495840,1,16000
librispeech-test-clean/5142,librispeech-test-clean,speech-clean,flac -8 -j4,4,0.050495791,8560683,8551515,15495840,1,16000
librispeech-test-clean/5142,librispeech-test-clean,speech-clean,flac -8 -j8,8,0.040876625,8560683,8551515,15495840,1,16000
librispeech-test-clean/5142,librispeech-test-clean,speech-clean,flac -5 -j1,1,0.101290958,8736130,8726962,15495840,1,16000
librispeech-test-clean/5639,librispeech-test-clean,speech-clean,vinyl -j1,1,0.889358084,7618667,7618625,15894078,1,16000
librispeech-test-clean/5639,librispeech-test-clean,speech-clean,vinyl -j2,2,0.468714875,7618667,7618625,15894078,1,16000
librispeech-test-clean/5639,librispeech-test-clean,speech-clean,vinyl -j4,4,0.240463458,7618667,7618625,15894078,1,16000
librispeech-test-clean/5639,librispeech-test-clean,speech-clean,vinyl -j8,8,0.156994125,7618667,7618625,15894078,1,16000
librispeech-test-clean/5639,librispeech-test-clean,speech-clean,vinyl decode -j1,1,0.3494745,7618667,7618625,15894078,1,16000
librispeech-test-clean/5639,librispeech-test-clean,speech-clean,vinyl decode -j2,2,0.190354,7618667,7618625,15894078,1,16000
librispeech-test-clean/5639,librispeech-test-clean,speech-clean,vinyl decode -j4,4,0.099752709,7618667,7618625,15894078,1,16000
librispeech-test-clean/5639,librispeech-test-clean,speech-clean,vinyl decode -j8,8,0.072289083,7618667,7618625,15894078,1,16000
librispeech-test-clean/5639,librispeech-test-clean,speech-clean,flac decode -j1,1,0.085479042,7618667,7618625,15894078,1,16000
librispeech-test-clean/5639,librispeech-test-clean,speech-clean,flac -8 -j1,1,0.186274291,7246753,7237567,15894078,1,16000
librispeech-test-clean/5639,librispeech-test-clean,speech-clean,flac -8 -j2,2,0.0950725,7246753,7237567,15894078,1,16000
librispeech-test-clean/5639,librispeech-test-clean,speech-clean,flac -8 -j4,4,0.050951,7246753,7237567,15894078,1,16000
librispeech-test-clean/5639,librispeech-test-clean,speech-clean,flac -8 -j8,8,0.040017375,7246753,7237567,15894078,1,16000
librispeech-test-clean/5639,librispeech-test-clean,speech-clean,flac -5 -j1,1,0.102460042,7399707,7390521,15894078,1,16000
librispeech-test-clean/5683,librispeech-test-clean,speech-clean,vinyl -j1,1,0.872622916,8869320,8869278,15376640,1,16000
librispeech-test-clean/5683,librispeech-test-clean,speech-clean,vinyl -j2,2,0.459815125,8869320,8869278,15376640,1,16000
librispeech-test-clean/5683,librispeech-test-clean,speech-clean,vinyl -j4,4,0.236379292,8869320,8869278,15376640,1,16000
librispeech-test-clean/5683,librispeech-test-clean,speech-clean,vinyl -j8,8,0.153210167,8869320,8869278,15376640,1,16000
librispeech-test-clean/5683,librispeech-test-clean,speech-clean,vinyl decode -j1,1,0.341330375,8869320,8869278,15376640,1,16000
librispeech-test-clean/5683,librispeech-test-clean,speech-clean,vinyl decode -j2,2,0.186215959,8869320,8869278,15376640,1,16000
librispeech-test-clean/5683,librispeech-test-clean,speech-clean,vinyl decode -j4,4,0.097890125,8869320,8869278,15376640,1,16000
librispeech-test-clean/5683,librispeech-test-clean,speech-clean,vinyl decode -j8,8,0.070771,8869320,8869278,15376640,1,16000
librispeech-test-clean/5683,librispeech-test-clean,speech-clean,flac decode -j1,1,0.082131041,8869320,8869278,15376640,1,16000
librispeech-test-clean/5683,librispeech-test-clean,speech-clean,flac -8 -j1,1,0.179818083,8517516,8508348,15376640,1,16000
librispeech-test-clean/5683,librispeech-test-clean,speech-clean,flac -8 -j2,2,0.093088792,8517516,8508348,15376640,1,16000
librispeech-test-clean/5683,librispeech-test-clean,speech-clean,flac -8 -j4,4,0.049959167,8517516,8508348,15376640,1,16000
librispeech-test-clean/5683,librispeech-test-clean,speech-clean,flac -8 -j8,8,0.0406885,8517516,8508348,15376640,1,16000
librispeech-test-clean/5683,librispeech-test-clean,speech-clean,flac -5 -j1,1,0.101087917,8639319,8630151,15376640,1,16000
librispeech-test-clean/61,librispeech-test-clean,speech-clean,vinyl -j1,1,0.881274125,9419188,9419146,15506718,1,16000
librispeech-test-clean/61,librispeech-test-clean,speech-clean,vinyl -j2,2,0.465130708,9419188,9419146,15506718,1,16000
librispeech-test-clean/61,librispeech-test-clean,speech-clean,vinyl -j4,4,0.238649333,9419188,9419146,15506718,1,16000
librispeech-test-clean/61,librispeech-test-clean,speech-clean,vinyl -j8,8,0.155350292,9419188,9419146,15506718,1,16000
librispeech-test-clean/61,librispeech-test-clean,speech-clean,vinyl decode -j1,1,0.349725792,9419188,9419146,15506718,1,16000
librispeech-test-clean/61,librispeech-test-clean,speech-clean,vinyl decode -j2,2,0.190538333,9419188,9419146,15506718,1,16000
librispeech-test-clean/61,librispeech-test-clean,speech-clean,vinyl decode -j4,4,0.101120084,9419188,9419146,15506718,1,16000
librispeech-test-clean/61,librispeech-test-clean,speech-clean,vinyl decode -j8,8,0.072628459,9419188,9419146,15506718,1,16000
librispeech-test-clean/61,librispeech-test-clean,speech-clean,flac decode -j1,1,0.083678583,9419188,9419146,15506718,1,16000
librispeech-test-clean/61,librispeech-test-clean,speech-clean,flac -8 -j1,1,0.184074833,9086204,9077036,15506718,1,16000
librispeech-test-clean/61,librispeech-test-clean,speech-clean,flac -8 -j2,2,0.09392925,9086204,9077036,15506718,1,16000
librispeech-test-clean/61,librispeech-test-clean,speech-clean,flac -8 -j4,4,0.050417709,9086204,9077036,15506718,1,16000
librispeech-test-clean/61,librispeech-test-clean,speech-clean,flac -8 -j8,8,0.040693125,9086204,9077036,15506718,1,16000
librispeech-test-clean/61,librispeech-test-clean,speech-clean,flac -5 -j1,1,0.101896333,9168922,9159754,15506718,1,16000
librispeech-test-clean/672,librispeech-test-clean,speech-clean,vinyl -j1,1,0.918319959,9364026,9363984,15877280,1,16000
librispeech-test-clean/672,librispeech-test-clean,speech-clean,vinyl -j2,2,0.480896958,9364026,9363984,15877280,1,16000
librispeech-test-clean/672,librispeech-test-clean,speech-clean,vinyl -j4,4,0.246582833,9364026,9363984,15877280,1,16000
librispeech-test-clean/672,librispeech-test-clean,speech-clean,vinyl -j8,8,0.160539542,9364026,9363984,15877280,1,16000
librispeech-test-clean/672,librispeech-test-clean,speech-clean,vinyl decode -j1,1,0.36909175,9364026,9363984,15877280,1,16000
librispeech-test-clean/672,librispeech-test-clean,speech-clean,vinyl decode -j2,2,0.198844125,9364026,9363984,15877280,1,16000
librispeech-test-clean/672,librispeech-test-clean,speech-clean,vinyl decode -j4,4,0.105617667,9364026,9363984,15877280,1,16000
librispeech-test-clean/672,librispeech-test-clean,speech-clean,vinyl decode -j8,8,0.075589791,9364026,9363984,15877280,1,16000
librispeech-test-clean/672,librispeech-test-clean,speech-clean,flac decode -j1,1,0.085745125,9364026,9363984,15877280,1,16000
librispeech-test-clean/672,librispeech-test-clean,speech-clean,flac -8 -j1,1,0.184046875,9006699,8997513,15877280,1,16000
librispeech-test-clean/672,librispeech-test-clean,speech-clean,flac -8 -j2,2,0.095441709,9006699,8997513,15877280,1,16000
librispeech-test-clean/672,librispeech-test-clean,speech-clean,flac -8 -j4,4,0.051293542,9006699,8997513,15877280,1,16000
librispeech-test-clean/672,librispeech-test-clean,speech-clean,flac -8 -j8,8,0.041269166,9006699,8997513,15877280,1,16000
librispeech-test-clean/672,librispeech-test-clean,speech-clean,flac -5 -j1,1,0.103394333,9107647,9098461,15877280,1,16000
librispeech-test-clean/6829,librispeech-test-clean,speech-clean,vinyl -j1,1,0.940548917,9880928,9880886,15822720,1,16000
librispeech-test-clean/6829,librispeech-test-clean,speech-clean,vinyl -j2,2,0.484562459,9880928,9880886,15822720,1,16000
librispeech-test-clean/6829,librispeech-test-clean,speech-clean,vinyl -j4,4,0.247669416,9880928,9880886,15822720,1,16000
librispeech-test-clean/6829,librispeech-test-clean,speech-clean,vinyl -j8,8,0.163507,9880928,9880886,15822720,1,16000
librispeech-test-clean/6829,librispeech-test-clean,speech-clean,vinyl decode -j1,1,0.365589083,9880928,9880886,15822720,1,16000
librispeech-test-clean/6829,librispeech-test-clean,speech-clean,vinyl decode -j2,2,0.198468459,9880928,9880886,15822720,1,16000
librispeech-test-clean/6829,librispeech-test-clean,speech-clean,vinyl decode -j4,4,0.105072375,9880928,9880886,15822720,1,16000
librispeech-test-clean/6829,librispeech-test-clean,speech-clean,vinyl decode -j8,8,0.076243917,9880928,9880886,15822720,1,16000
librispeech-test-clean/6829,librispeech-test-clean,speech-clean,flac decode -j1,1,0.086624,9880928,9880886,15822720,1,16000
librispeech-test-clean/6829,librispeech-test-clean,speech-clean,flac -8 -j1,1,0.188320541,9536362,9527176,15822720,1,16000
librispeech-test-clean/6829,librispeech-test-clean,speech-clean,flac -8 -j2,2,0.0961975,9536362,9527176,15822720,1,16000
librispeech-test-clean/6829,librispeech-test-clean,speech-clean,flac -8 -j4,4,0.052005208,9536362,9527176,15822720,1,16000
librispeech-test-clean/6829,librispeech-test-clean,speech-clean,flac -8 -j8,8,0.042054833,9536362,9527176,15822720,1,16000
librispeech-test-clean/6829,librispeech-test-clean,speech-clean,flac -5 -j1,1,0.104165083,9621116,9611930,15822720,1,16000
librispeech-test-clean/6930,librispeech-test-clean,speech-clean,vinyl -j1,1,0.927824208,9639178,9639136,15361602,1,16000
librispeech-test-clean/6930,librispeech-test-clean,speech-clean,vinyl -j2,2,0.48856175,9639178,9639136,15361602,1,16000
librispeech-test-clean/6930,librispeech-test-clean,speech-clean,vinyl -j4,4,0.255422667,9639178,9639136,15361602,1,16000
librispeech-test-clean/6930,librispeech-test-clean,speech-clean,vinyl -j8,8,0.1702465,9639178,9639136,15361602,1,16000
librispeech-test-clean/6930,librispeech-test-clean,speech-clean,vinyl decode -j1,1,0.382136084,9639178,9639136,15361602,1,16000
librispeech-test-clean/6930,librispeech-test-clean,speech-clean,vinyl decode -j2,2,0.20549025,9639178,9639136,15361602,1,16000
librispeech-test-clean/6930,librispeech-test-clean,speech-clean,vinyl decode -j4,4,0.11160775,9639178,9639136,15361602,1,16000
librispeech-test-clean/6930,librispeech-test-clean,speech-clean,vinyl decode -j8,8,0.081012167,9639178,9639136,15361602,1,16000
librispeech-test-clean/6930,librispeech-test-clean,speech-clean,flac decode -j1,1,0.08670325,9639178,9639136,15361602,1,16000
librispeech-test-clean/6930,librispeech-test-clean,speech-clean,flac -8 -j1,1,0.178228667,9248496,9239328,15361602,1,16000
librispeech-test-clean/6930,librispeech-test-clean,speech-clean,flac -8 -j2,2,0.093327708,9248496,9239328,15361602,1,16000
librispeech-test-clean/6930,librispeech-test-clean,speech-clean,flac -8 -j4,4,0.050941167,9248496,9239328,15361602,1,16000
librispeech-test-clean/6930,librispeech-test-clean,speech-clean,flac -8 -j8,8,0.042519292,9248496,9239328,15361602,1,16000
librispeech-test-clean/6930,librispeech-test-clean,speech-clean,flac -5 -j1,1,0.100608833,9380640,9371472,15361602,1,16000
librispeech-test-clean/7021,librispeech-test-clean,speech-clean,vinyl -j1,1,0.870513167,8231743,8231701,15631680,1,16000
librispeech-test-clean/7021,librispeech-test-clean,speech-clean,vinyl -j2,2,0.45586625,8231743,8231701,15631680,1,16000
librispeech-test-clean/7021,librispeech-test-clean,speech-clean,vinyl -j4,4,0.233871125,8231743,8231701,15631680,1,16000
librispeech-test-clean/7021,librispeech-test-clean,speech-clean,vinyl -j8,8,0.162523125,8231743,8231701,15631680,1,16000
librispeech-test-clean/7021,librispeech-test-clean,speech-clean,vinyl decode -j1,1,0.330779041,8231743,8231701,15631680,1,16000
librispeech-test-clean/7021,librispeech-test-clean,speech-clean,vinyl decode -j2,2,0.180769041,8231743,8231701,15631680,1,16000
librispeech-test-clean/7021,librispeech-test-clean,speech-clean,vinyl decode -j4,4,0.09465525,8231743,8231701,15631680,1,16000
librispeech-test-clean/7021,librispeech-test-clean,speech-clean,vinyl decode -j8,8,0.069112917,8231743,8231701,15631680,1,16000
librispeech-test-clean/7021,librispeech-test-clean,speech-clean,flac decode -j1,1,0.081560583,8231743,8231701,15631680,1,16000
librispeech-test-clean/7021,librispeech-test-clean,speech-clean,flac -8 -j1,1,0.179261375,7916475,7907307,15631680,1,16000
librispeech-test-clean/7021,librispeech-test-clean,speech-clean,flac -8 -j2,2,0.093944625,7916475,7907307,15631680,1,16000
librispeech-test-clean/7021,librispeech-test-clean,speech-clean,flac -8 -j4,4,0.051012375,7916475,7907307,15631680,1,16000
librispeech-test-clean/7021,librispeech-test-clean,speech-clean,flac -8 -j8,8,0.039799167,7916475,7907307,15631680,1,16000
librispeech-test-clean/7021,librispeech-test-clean,speech-clean,flac -5 -j1,1,0.101913625,8015713,8006545,15631680,1,16000
librispeech-test-clean/7127,librispeech-test-clean,speech-clean,vinyl -j1,1,0.921273959,9131865,9131823,15968158,1,16000
librispeech-test-clean/7127,librispeech-test-clean,speech-clean,vinyl -j2,2,0.484485625,9131865,9131823,15968158,1,16000
librispeech-test-clean/7127,librispeech-test-clean,speech-clean,vinyl -j4,4,0.249887083,9131865,9131823,15968158,1,16000
librispeech-test-clean/7127,librispeech-test-clean,speech-clean,vinyl -j8,8,0.16211875,9131865,9131823,15968158,1,16000
librispeech-test-clean/7127,librispeech-test-clean,speech-clean,vinyl decode -j1,1,0.372607834,9131865,9131823,15968158,1,16000
librispeech-test-clean/7127,librispeech-test-clean,speech-clean,vinyl decode -j2,2,0.203377792,9131865,9131823,15968158,1,16000
librispeech-test-clean/7127,librispeech-test-clean,speech-clean,vinyl decode -j4,4,0.108578542,9131865,9131823,15968158,1,16000
librispeech-test-clean/7127,librispeech-test-clean,speech-clean,vinyl decode -j8,8,0.07602125,9131865,9131823,15968158,1,16000
librispeech-test-clean/7127,librispeech-test-clean,speech-clean,flac decode -j1,1,0.087283334,9131865,9131823,15968158,1,16000
librispeech-test-clean/7127,librispeech-test-clean,speech-clean,flac -8 -j1,1,0.184201583,8758435,8749249,15968158,1,16000
librispeech-test-clean/7127,librispeech-test-clean,speech-clean,flac -8 -j2,2,0.097307541,8758435,8749249,15968158,1,16000
librispeech-test-clean/7127,librispeech-test-clean,speech-clean,flac -8 -j4,4,0.0534795,8758435,8749249,15968158,1,16000
librispeech-test-clean/7127,librispeech-test-clean,speech-clean,flac -8 -j8,8,0.04231175,8758435,8749249,15968158,1,16000
librispeech-test-clean/7127,librispeech-test-clean,speech-clean,flac -5 -j1,1,0.106572209,8879882,8870696,15968158,1,16000
librispeech-test-clean/7176,librispeech-test-clean,speech-clean,vinyl -j1,1,0.877341916,9028898,9028856,15470240,1,16000
librispeech-test-clean/7176,librispeech-test-clean,speech-clean,vinyl -j2,2,0.463061875,9028898,9028856,15470240,1,16000
librispeech-test-clean/7176,librispeech-test-clean,speech-clean,vinyl -j4,4,0.236781041,9028898,9028856,15470240,1,16000
librispeech-test-clean/7176,librispeech-test-clean,speech-clean,vinyl -j8,8,0.153265333,9028898,9028856,15470240,1,16000
librispeech-test-clean/7176,librispeech-test-clean,speech-clean,vinyl decode -j1,1,0.346764042,9028898,9028856,15470240,1,16000
librispeech-test-clean/7176,librispeech-test-clean,speech-clean,vinyl decode -j2,2,0.187966042,9028898,9028856,15470240,1,16000
librispeech-test-clean/7176,librispeech-test-clean,speech-clean,vinyl decode -j4,4,0.099833,9028898,9028856,15470240,1,16000
librispeech-test-clean/7176,librispeech-test-clean,speech-clean,vinyl decode -j8,8,0.07216925,9028898,9028856,15470240,1,16000
librispeech-test-clean/7176,librispeech-test-clean,speech-clean,flac decode -j1,1,0.083295542,9028898,9028856,15470240,1,16000
librispeech-test-clean/7176,librispeech-test-clean,speech-clean,flac -8 -j1,1,0.17943725,8684786,8675618,15470240,1,16000
librispeech-test-clean/7176,librispeech-test-clean,speech-clean,flac -8 -j2,2,0.094456084,8684786,8675618,15470240,1,16000
librispeech-test-clean/7176,librispeech-test-clean,speech-clean,flac -8 -j4,4,0.050868042,8684786,8675618,15470240,1,16000
librispeech-test-clean/7176,librispeech-test-clean,speech-clean,flac -8 -j8,8,0.040410291,8684786,8675618,15470240,1,16000
librispeech-test-clean/7176,librispeech-test-clean,speech-clean,flac -5 -j1,1,0.101879125,8789883,8780715,15470240,1,16000
librispeech-test-clean/7729,librispeech-test-clean,speech-clean,vinyl -j1,1,0.891818083,8989298,8989256,15678242,1,16000
librispeech-test-clean/7729,librispeech-test-clean,speech-clean,vinyl -j2,2,0.46909025,8989298,8989256,15678242,1,16000
librispeech-test-clean/7729,librispeech-test-clean,speech-clean,vinyl -j4,4,0.276849042,8989298,8989256,15678242,1,16000
librispeech-test-clean/7729,librispeech-test-clean,speech-clean,vinyl -j8,8,0.157173667,8989298,8989256,15678242,1,16000
librispeech-test-clean/7729,librispeech-test-clean,speech-clean,vinyl decode -j1,1,0.362146375,8989298,8989256,15678242,1,16000
librispeech-test-clean/7729,librispeech-test-clean,speech-clean,vinyl decode -j2,2,0.195253459,8989298,8989256,15678242,1,16000
librispeech-test-clean/7729,librispeech-test-clean,speech-clean,vinyl decode -j4,4,0.115957416,8989298,8989256,15678242,1,16000
librispeech-test-clean/7729,librispeech-test-clean,speech-clean,vinyl decode -j8,8,0.074132916,8989298,8989256,15678242,1,16000
librispeech-test-clean/7729,librispeech-test-clean,speech-clean,flac decode -j1,1,0.085492042,8989298,8989256,15678242,1,16000
librispeech-test-clean/7729,librispeech-test-clean,speech-clean,flac -8 -j1,1,0.179624625,8609466,8600298,15678242,1,16000
librispeech-test-clean/7729,librispeech-test-clean,speech-clean,flac -8 -j2,2,0.094462833,8609466,8600298,15678242,1,16000
librispeech-test-clean/7729,librispeech-test-clean,speech-clean,flac -8 -j4,4,0.051085083,8609466,8600298,15678242,1,16000
librispeech-test-clean/7729,librispeech-test-clean,speech-clean,flac -8 -j8,8,0.041352417,8609466,8600298,15678242,1,16000
librispeech-test-clean/7729,librispeech-test-clean,speech-clean,flac -5 -j1,1,0.1024395,8745896,8736728,15678242,1,16000
librispeech-test-clean/8224,librispeech-test-clean,speech-clean,vinyl -j1,1,0.879222375,9025053,9025011,15826080,1,16000
librispeech-test-clean/8224,librispeech-test-clean,speech-clean,vinyl -j2,2,0.464485042,9025053,9025011,15826080,1,16000
librispeech-test-clean/8224,librispeech-test-clean,speech-clean,vinyl -j4,4,0.240152416,9025053,9025011,15826080,1,16000
librispeech-test-clean/8224,librispeech-test-clean,speech-clean,vinyl -j8,8,0.15580425,9025053,9025011,15826080,1,16000
librispeech-test-clean/8224,librispeech-test-clean,speech-clean,vinyl decode -j1,1,0.347431208,9025053,9025011,15826080,1,16000
librispeech-test-clean/8224,librispeech-test-clean,speech-clean,vinyl decode -j2,2,0.190275375,9025053,9025011,15826080,1,16000
librispeech-test-clean/8224,librispeech-test-clean,speech-clean,vinyl decode -j4,4,0.099730709,9025053,9025011,15826080,1,16000
librispeech-test-clean/8224,librispeech-test-clean,speech-clean,vinyl decode -j8,8,0.076098625,9025053,9025011,15826080,1,16000
librispeech-test-clean/8224,librispeech-test-clean,speech-clean,flac decode -j1,1,0.084197375,9025053,9025011,15826080,1,16000
librispeech-test-clean/8224,librispeech-test-clean,speech-clean,flac -8 -j1,1,0.179463875,8665661,8656475,15826080,1,16000
librispeech-test-clean/8224,librispeech-test-clean,speech-clean,flac -8 -j2,2,0.095010875,8665661,8656475,15826080,1,16000
librispeech-test-clean/8224,librispeech-test-clean,speech-clean,flac -8 -j4,4,0.051639042,8665661,8656475,15826080,1,16000
librispeech-test-clean/8224,librispeech-test-clean,speech-clean,flac -8 -j8,8,0.041744667,8665661,8656475,15826080,1,16000
librispeech-test-clean/8224,librispeech-test-clean,speech-clean,flac -5 -j1,1,0.1036445,8793729,8784543,15826080,1,16000
librispeech-test-clean/8230,librispeech-test-clean,speech-clean,vinyl -j1,1,0.916569209,8565946,8565904,15833600,1,16000
librispeech-test-clean/8230,librispeech-test-clean,speech-clean,vinyl -j2,2,0.466151208,8565946,8565904,15833600,1,16000
librispeech-test-clean/8230,librispeech-test-clean,speech-clean,vinyl -j4,4,0.23558575,8565946,8565904,15833600,1,16000
librispeech-test-clean/8230,librispeech-test-clean,speech-clean,vinyl -j8,8,0.211977708,8565946,8565904,15833600,1,16000
librispeech-test-clean/8230,librispeech-test-clean,speech-clean,vinyl decode -j1,1,0.36321375,8565946,8565904,15833600,1,16000
librispeech-test-clean/8230,librispeech-test-clean,speech-clean,vinyl decode -j2,2,0.187052834,8565946,8565904,15833600,1,16000
librispeech-test-clean/8230,librispeech-test-clean,speech-clean,vinyl decode -j4,4,0.09889425,8565946,8565904,15833600,1,16000
librispeech-test-clean/8230,librispeech-test-clean,speech-clean,vinyl decode -j8,8,0.09132525,8565946,8565904,15833600,1,16000
librispeech-test-clean/8230,librispeech-test-clean,speech-clean,flac decode -j1,1,0.083039792,8565946,8565904,15833600,1,16000
librispeech-test-clean/8230,librispeech-test-clean,speech-clean,flac -8 -j1,1,0.178917667,8226939,8217753,15833600,1,16000
librispeech-test-clean/8230,librispeech-test-clean,speech-clean,flac -8 -j2,2,0.094682125,8226939,8217753,15833600,1,16000
librispeech-test-clean/8230,librispeech-test-clean,speech-clean,flac -8 -j4,4,0.052134875,8226939,8217753,15833600,1,16000
librispeech-test-clean/8230,librispeech-test-clean,speech-clean,flac -8 -j8,8,0.051196375,8226939,8217753,15833600,1,16000
librispeech-test-clean/8230,librispeech-test-clean,speech-clean,flac -5 -j1,1,0.103565417,8335874,8326688,15833600,1,16000
librispeech-test-clean/8455,librispeech-test-clean,speech-clean,vinyl -j1,1,0.883067583,8964421,8964379,15419360,1,16000
librispeech-test-clean/8455,librispeech-test-clean,speech-clean,vinyl -j2,2,0.46906075,8964421,8964379,15419360,1,16000
librispeech-test-clean/8455,librispeech-test-clean,speech-clean,vinyl -j4,4,0.237677916,8964421,8964379,15419360,1,16000
librispeech-test-clean/8455,librispeech-test-clean,speech-clean,vinyl -j8,8,0.156398916,8964421,8964379,15419360,1,16000
librispeech-test-clean/8455,librispeech-test-clean,speech-clean,vinyl decode -j1,1,0.347477958,8964421,8964379,15419360,1,16000
librispeech-test-clean/8455,librispeech-test-clean,speech-clean,vinyl decode -j2,2,0.189920875,8964421,8964379,15419360,1,16000
librispeech-test-clean/8455,librispeech-test-clean,speech-clean,vinyl decode -j4,4,0.101156208,8964421,8964379,15419360,1,16000
librispeech-test-clean/8455,librispeech-test-clean,speech-clean,vinyl decode -j8,8,0.074014167,8964421,8964379,15419360,1,16000
librispeech-test-clean/8455,librispeech-test-clean,speech-clean,flac decode -j1,1,0.08210525,8964421,8964379,15419360,1,16000
librispeech-test-clean/8455,librispeech-test-clean,speech-clean,flac -8 -j1,1,0.173949458,8639863,8630695,15419360,1,16000
librispeech-test-clean/8455,librispeech-test-clean,speech-clean,flac -8 -j2,2,0.091684167,8639863,8630695,15419360,1,16000
librispeech-test-clean/8455,librispeech-test-clean,speech-clean,flac -8 -j4,4,0.049686875,8639863,8630695,15419360,1,16000
librispeech-test-clean/8455,librispeech-test-clean,speech-clean,flac -8 -j8,8,0.041321208,8639863,8630695,15419360,1,16000
librispeech-test-clean/8455,librispeech-test-clean,speech-clean,flac -5 -j1,1,0.100482167,8725339,8716171,15419360,1,16000
librispeech-test-clean/8463,librispeech-test-clean,speech-clean,vinyl -j1,1,0.926476875,9893506,9893464,15456640,1,16000
librispeech-test-clean/8463,librispeech-test-clean,speech-clean,vinyl -j2,2,0.484614125,9893506,9893464,15456640,1,16000
librispeech-test-clean/8463,librispeech-test-clean,speech-clean,vinyl -j4,4,0.24815925,9893506,9893464,15456640,1,16000
librispeech-test-clean/8463,librispeech-test-clean,speech-clean,vinyl -j8,8,0.163487,9893506,9893464,15456640,1,16000
librispeech-test-clean/8463,librispeech-test-clean,speech-clean,vinyl decode -j1,1,0.3907075,9893506,9893464,15456640,1,16000
librispeech-test-clean/8463,librispeech-test-clean,speech-clean,vinyl decode -j2,2,0.210945583,9893506,9893464,15456640,1,16000
librispeech-test-clean/8463,librispeech-test-clean,speech-clean,vinyl decode -j4,4,0.111282708,9893506,9893464,15456640,1,16000
librispeech-test-clean/8463,librispeech-test-clean,speech-clean,vinyl decode -j8,8,0.07977075,9893506,9893464,15456640,1,16000
librispeech-test-clean/8463,librispeech-test-clean,speech-clean,flac decode -j1,1,0.0879355,9893506,9893464,15456640,1,16000
librispeech-test-clean/8463,librispeech-test-clean,speech-clean,flac -8 -j1,1,0.177456042,9498703,9489535,15456640,1,16000
librispeech-test-clean/8463,librispeech-test-clean,speech-clean,flac -8 -j2,2,0.095359083,9498703,9489535,15456640,1,16000
librispeech-test-clean/8463,librispeech-test-clean,speech-clean,flac -8 -j4,4,0.051434708,9498703,9489535,15456640,1,16000
librispeech-test-clean/8463,librispeech-test-clean,speech-clean,flac -8 -j8,8,0.041236958,9498703,9489535,15456640,1,16000
librispeech-test-clean/8463,librispeech-test-clean,speech-clean,flac -5 -j1,1,0.103198875,9630476,9621308,15456640,1,16000
librispeech-test-clean/8555,librispeech-test-clean,speech-clean,vinyl -j1,1,0.878488083,8399853,8399811,15426722,1,16000
librispeech-test-clean/8555,librispeech-test-clean,speech-clean,vinyl -j2,2,0.463525958,8399853,8399811,15426722,1,16000
librispeech-test-clean/8555,librispeech-test-clean,speech-clean,vinyl -j4,4,0.236567375,8399853,8399811,15426722,1,16000
librispeech-test-clean/8555,librispeech-test-clean,speech-clean,vinyl -j8,8,0.155095333,8399853,8399811,15426722,1,16000
librispeech-test-clean/8555,librispeech-test-clean,speech-clean,vinyl decode -j1,1,0.352581458,8399853,8399811,15426722,1,16000
librispeech-test-clean/8555,librispeech-test-clean,speech-clean,vinyl decode -j2,2,0.190168792,8399853,8399811,15426722,1,16000
librispeech-test-clean/8555,librispeech-test-clean,speech-clean,vinyl decode -j4,4,0.098992042,8399853,8399811,15426722,1,16000
librispeech-test-clean/8555,librispeech-test-clean,speech-clean,vinyl decode -j8,8,0.071058375,8399853,8399811,15426722,1,16000
librispeech-test-clean/8555,librispeech-test-clean,speech-clean,flac decode -j1,1,0.082883416,8399853,8399811,15426722,1,16000
librispeech-test-clean/8555,librispeech-test-clean,speech-clean,flac -8 -j1,1,0.174229375,8063327,8054159,15426722,1,16000
librispeech-test-clean/8555,librispeech-test-clean,speech-clean,flac -8 -j2,2,0.092267792,8063327,8054159,15426722,1,16000
librispeech-test-clean/8555,librispeech-test-clean,speech-clean,flac -8 -j4,4,0.049680209,8063327,8054159,15426722,1,16000
librispeech-test-clean/8555,librispeech-test-clean,speech-clean,flac -8 -j8,8,0.040275958,8063327,8054159,15426722,1,16000
librispeech-test-clean/8555,librispeech-test-clean,speech-clean,flac -5 -j1,1,0.099454083,8160667,8151499,15426722,1,16000
librispeech-test-clean/908,librispeech-test-clean,speech-clean,vinyl -j1,1,0.873111875,8813261,8813219,15450560,1,16000
librispeech-test-clean/908,librispeech-test-clean,speech-clean,vinyl -j2,2,0.466939166,8813261,8813219,15450560,1,16000
librispeech-test-clean/908,librispeech-test-clean,speech-clean,vinyl -j4,4,0.235866708,8813261,8813219,15450560,1,16000
librispeech-test-clean/908,librispeech-test-clean,speech-clean,vinyl -j8,8,0.155608875,8813261,8813219,15450560,1,16000
librispeech-test-clean/908,librispeech-test-clean,speech-clean,vinyl decode -j1,1,0.348685083,8813261,8813219,15450560,1,16000
librispeech-test-clean/908,librispeech-test-clean,speech-clean,vinyl decode -j2,2,0.190084625,8813261,8813219,15450560,1,16000
librispeech-test-clean/908,librispeech-test-clean,speech-clean,vinyl decode -j4,4,0.09991675,8813261,8813219,15450560,1,16000
librispeech-test-clean/908,librispeech-test-clean,speech-clean,vinyl decode -j8,8,0.072186375,8813261,8813219,15450560,1,16000
librispeech-test-clean/908,librispeech-test-clean,speech-clean,flac decode -j1,1,0.082952125,8813261,8813219,15450560,1,16000
librispeech-test-clean/908,librispeech-test-clean,speech-clean,flac -8 -j1,1,0.173309834,8469799,8460631,15450560,1,16000
librispeech-test-clean/908,librispeech-test-clean,speech-clean,flac -8 -j2,2,0.092972292,8469799,8460631,15450560,1,16000
librispeech-test-clean/908,librispeech-test-clean,speech-clean,flac -8 -j4,4,0.050342666,8469799,8460631,15450560,1,16000
librispeech-test-clean/908,librispeech-test-clean,speech-clean,flac -8 -j8,8,0.040029875,8469799,8460631,15450560,1,16000
librispeech-test-clean/908,librispeech-test-clean,speech-clean,flac -5 -j1,1,0.099840083,8568679,8559511,15450560,1,16000
librispeech-test-other/1688,librispeech-test-other,speech-other,vinyl -j1,1,1.036029333,10334588,10334546,18867038,1,16000
librispeech-test-other/1688,librispeech-test-other,speech-other,vinyl -j2,2,0.547493292,10334588,10334546,18867038,1,16000
librispeech-test-other/1688,librispeech-test-other,speech-other,vinyl -j4,4,0.278651042,10334588,10334546,18867038,1,16000
librispeech-test-other/1688,librispeech-test-other,speech-other,vinyl -j8,8,0.182723708,10334588,10334546,18867038,1,16000
librispeech-test-other/1688,librispeech-test-other,speech-other,vinyl decode -j1,1,0.402637209,10334588,10334546,18867038,1,16000
librispeech-test-other/1688,librispeech-test-other,speech-other,vinyl decode -j2,2,0.220739542,10334588,10334546,18867038,1,16000
librispeech-test-other/1688,librispeech-test-other,speech-other,vinyl decode -j4,4,0.116422542,10334588,10334546,18867038,1,16000
librispeech-test-other/1688,librispeech-test-other,speech-other,vinyl decode -j8,8,0.084943458,10334588,10334546,18867038,1,16000
librispeech-test-other/1688,librispeech-test-other,speech-other,flac decode -j1,1,0.098624833,10334588,10334546,18867038,1,16000
librispeech-test-other/1688,librispeech-test-other,speech-other,flac -8 -j1,1,0.213615042,9859227,9849879,18867038,1,16000
librispeech-test-other/1688,librispeech-test-other,speech-other,flac -8 -j2,2,0.111896417,9859227,9849879,18867038,1,16000
librispeech-test-other/1688,librispeech-test-other,speech-other,flac -8 -j4,4,0.0601995,9859227,9849879,18867038,1,16000
librispeech-test-other/1688,librispeech-test-other,speech-other,flac -8 -j8,8,0.047735667,9859227,9849879,18867038,1,16000
librispeech-test-other/1688,librispeech-test-other,speech-other,flac -5 -j1,1,0.120738708,10052617,10043269,18867038,1,16000
librispeech-test-other/1998,librispeech-test-other,speech-other,vinyl -j1,1,1.05928875,10045526,10045484,19230562,1,16000
librispeech-test-other/1998,librispeech-test-other,speech-other,vinyl -j2,2,0.558832542,10045526,10045484,19230562,1,16000
librispeech-test-other/1998,librispeech-test-other,speech-other,vinyl -j4,4,0.285063334,10045526,10045484,19230562,1,16000
librispeech-test-other/1998,librispeech-test-other,speech-other,vinyl -j8,8,0.188264209,10045526,10045484,19230562,1,16000
librispeech-test-other/1998,librispeech-test-other,speech-other,vinyl decode -j1,1,0.410648583,10045526,10045484,19230562,1,16000
librispeech-test-other/1998,librispeech-test-other,speech-other,vinyl decode -j2,2,0.224811042,10045526,10045484,19230562,1,16000
librispeech-test-other/1998,librispeech-test-other,speech-other,vinyl decode -j4,4,0.1187825,10045526,10045484,19230562,1,16000
librispeech-test-other/1998,librispeech-test-other,speech-other,vinyl decode -j8,8,0.086076541,10045526,10045484,19230562,1,16000
librispeech-test-other/1998,librispeech-test-other,speech-other,flac decode -j1,1,0.100747,10045526,10045484,19230562,1,16000
librispeech-test-other/1998,librispeech-test-other,speech-other,flac -8 -j1,1,0.211975,9631522,9622138,19230562,1,16000
librispeech-test-other/1998,librispeech-test-other,speech-other,flac -8 -j2,2,0.112654375,9631522,9622138,19230562,1,16000
librispeech-test-other/1998,librispeech-test-other,speech-other,flac -8 -j4,4,0.060558333,9631522,9622138,19230562,1,16000
librispeech-test-other/1998,librispeech-test-other,speech-other,flac -8 -j8,8,0.048004542,9631522,9622138,19230562,1,16000
librispeech-test-other/1998,librispeech-test-other,speech-other,flac -5 -j1,1,0.122870375,9734983,9725599,19230562,1,16000
librispeech-test-other/2033,librispeech-test-other,speech-other,vinyl -j1,1,1.042370125,9576112,9576070,19251356,1,16000
librispeech-test-other/2033,librispeech-test-other,speech-other,vinyl -j2,2,0.548330792,9576112,9576070,19251356,1,16000
librispeech-test-other/2033,librispeech-test-other,speech-other,vinyl -j4,4,0.279987,9576112,9576070,19251356,1,16000
librispeech-test-other/2033,librispeech-test-other,speech-other,vinyl -j8,8,0.194239417,9576112,9576070,19251356,1,16000
librispeech-test-other/2033,librispeech-test-other,speech-other,vinyl decode -j1,1,0.385789708,9576112,9576070,19251356,1,16000
librispeech-test-other/2033,librispeech-test-other,speech-other,vinyl decode -j2,2,0.209956042,9576112,9576070,19251356,1,16000
librispeech-test-other/2033,librispeech-test-other,speech-other,vinyl decode -j4,4,0.111409166,9576112,9576070,19251356,1,16000
librispeech-test-other/2033,librispeech-test-other,speech-other,vinyl decode -j8,8,0.081229,9576112,9576070,19251356,1,16000
librispeech-test-other/2033,librispeech-test-other,speech-other,flac decode -j1,1,0.094719334,9576112,9576070,19251356,1,16000
librispeech-test-other/2033,librispeech-test-other,speech-other,flac -8 -j1,1,0.211064209,9198456,9189072,19251356,1,16000
librispeech-test-other/2033,librispeech-test-other,speech-other,flac -8 -j2,2,0.116168584,9198456,9189072,19251356,1,16000
librispeech-test-other/2033,librispeech-test-other,speech-other,flac -8 -j4,4,0.061767084,9198456,9189072,19251356,1,16000
librispeech-test-other/2033,librispeech-test-other,speech-other,flac -8 -j8,8,0.057968375,9198456,9189072,19251356,1,16000
librispeech-test-other/2033,librispeech-test-other,speech-other,flac -5 -j1,1,0.12450975,9337730,9328346,19251356,1,16000
librispeech-test-other/2414,librispeech-test-other,speech-other,vinyl -j1,1,1.123165459,10482531,10482489,19386880,1,16000
librispeech-test-other/2414,librispeech-test-other,speech-other,vinyl -j2,2,0.590857625,10482531,10482489,19386880,1,16000
librispeech-test-other/2414,librispeech-test-other,speech-other,vinyl -j4,4,0.303234125,10482531,10482489,19386880,1,16000
librispeech-test-other/2414,librispeech-test-other,speech-other,vinyl -j8,8,0.199933166,10482531,10482489,19386880,1,16000
librispeech-test-other/2414,librispeech-test-other,speech-other,vinyl decode -j1,1,0.440784625,10482531,10482489,19386880,1,16000
librispeech-test-other/2414,librispeech-test-other,speech-other,vinyl decode -j2,2,0.238881041,10482531,10482489,19386880,1,16000
librispeech-test-other/2414,librispeech-test-other,speech-other,vinyl decode -j4,4,0.125553875,10482531,10482489,19386880,1,16000
librispeech-test-other/2414,librispeech-test-other,speech-other,vinyl decode -j8,8,0.096389167,10482531,10482489,19386880,1,16000
librispeech-test-other/2414,librispeech-test-other,speech-other,flac decode -j1,1,0.103664708,10482531,10482489,19386880,1,16000
librispeech-test-other/2414,librispeech-test-other,speech-other,flac -8 -j1,1,0.214109417,10076198,10066814,19386880,1,16000
librispeech-test-other/2414,librispeech-test-other,speech-other,flac -8 -j2,2,0.113383625,10076198,10066814,19386880,1,16000
librispeech-test-other/2414,librispeech-test-other,speech-other,flac -8 -j4,4,0.061609708,10076198,10066814,19386880,1,16000
librispeech-test-other/2414,librispeech-test-other,speech-other,flac -8 -j8,8,0.055659917,10076198,10066814,19386880,1,16000
librispeech-test-other/2414,librispeech-test-other,speech-other,flac -5 -j1,1,0.122629625,10177744,10168360,19386880,1,16000
librispeech-test-other/2609,librispeech-test-other,speech-other,vinyl -j1,1,1.152051791,12604543,12604501,19387680,1,16000
librispeech-test-other/2609,librispeech-test-other,speech-other,vinyl -j2,2,0.604338667,12604543,12604501,19387680,1,16000
librispeech-test-other/2609,librispeech-test-other,speech-other,vinyl -j4,4,0.329951958,12604543,12604501,19387680,1,16000
librispeech-test-other/2609,librispeech-test-other,speech-other,vinyl -j8,8,0.20299575,12604543,12604501,19387680,1,16000
librispeech-test-other/2609,librispeech-test-other,speech-other,vinyl decode -j1,1,0.450767708,12604543,12604501,19387680,1,16000
librispeech-test-other/2609,librispeech-test-other,speech-other,vinyl decode -j2,2,0.243850208,12604543,12604501,19387680,1,16000
librispeech-test-other/2609,librispeech-test-other,speech-other,vinyl decode -j4,4,0.134095292,12604543,12604501,19387680,1,16000
librispeech-test-other/2609,librispeech-test-other,speech-other,vinyl decode -j8,8,0.093084125,12604543,12604501,19387680,1,16000
librispeech-test-other/2609,librispeech-test-other,speech-other,flac decode -j1,1,0.113454458,12604543,12604501,19387680,1,16000
librispeech-test-other/2609,librispeech-test-other,speech-other,flac -8 -j1,1,0.235066708,12180885,12171501,19387680,1,16000
librispeech-test-other/2609,librispeech-test-other,speech-other,flac -8 -j2,2,0.12111075,12180885,12171501,19387680,1,16000
librispeech-test-other/2609,librispeech-test-other,speech-other,flac -8 -j4,4,0.06838725,12180885,12171501,19387680,1,16000
librispeech-test-other/2609,librispeech-test-other,speech-other,flac -8 -j8,8,0.053527334,12180885,12171501,19387680,1,16000
librispeech-test-other/2609,librispeech-test-other,speech-other,flac -5 -j1,1,0.132382333,12280831,12271447,19387680,1,16000
librispeech-test-other/3005,librispeech-test-other,speech-other,vinyl -j1,1,1.094078583,11486981,11486939,19271362,1,16000
librispeech-test-other/3005,librispeech-test-other,speech-other,vinyl -j2,2,0.576146125,11486981,11486939,19271362,1,16000
librispeech-test-other/3005,librispeech-test-other,speech-other,vinyl -j4,4,0.296778333,11486981,11486939,19271362,1,16000
librispeech-test-other/3005,librispeech-test-other,speech-other,vinyl -j8,8,0.195113666,11486981,11486939,19271362,1,16000
librispeech-test-other/3005,librispeech-test-other,speech-other,vinyl decode -j1,1,0.442071666,11486981,11486939,19271362,1,16000
librispeech-test-other/3005,librispeech-test-other,speech-other,vinyl decode -j2,2,0.24068775,11486981,11486939,19271362,1,16000
librispeech-test-other/3005,librispeech-test-other,speech-other,vinyl decode -j4,4,0.125803166,11486981,11486939,19271362,1,16000
librispeech-test-other/3005,librispeech-test-other,speech-other,vinyl decode -j8,8,0.091468416,11486981,11486939,19271362,1,16000
librispeech-test-other/3005,librispeech-test-other,speech-other,flac decode -j1,1,0.103532959,11486981,11486939,19271362,1,16000
librispeech-test-other/3005,librispeech-test-other,speech-other,flac -8 -j1,1,0.216372083,11080462,11071078,19271362,1,16000
librispeech-test-other/3005,librispeech-test-other,speech-other,flac -8 -j2,2,0.114153958,11080462,11071078,19271362,1,16000
librispeech-test-other/3005,librispeech-test-other,speech-other,flac -8 -j4,4,0.061113583,11080462,11071078,19271362,1,16000
librispeech-test-other/3005,librispeech-test-other,speech-other,flac -8 -j8,8,0.051021458,11080462,11071078,19271362,1,16000
librispeech-test-other/3005,librispeech-test-other,speech-other,flac -5 -j1,1,0.1238615,11176517,11167133,19271362,1,16000
librispeech-test-other/3080,librispeech-test-other,speech-other,vinyl -j1,1,1.096181542,10122877,10122835,19445916,1,16000
librispeech-test-other/3080,librispeech-test-other,speech-other,vinyl -j2,2,0.577957125,10122877,10122835,19445916,1,16000
librispeech-test-other/3080,librispeech-test-other,speech-other,vinyl -j4,4,0.295810333,10122877,10122835,19445916,1,16000
librispeech-test-other/3080,librispeech-test-other,speech-other,vinyl -j8,8,0.193525208,10122877,10122835,19445916,1,16000
librispeech-test-other/3080,librispeech-test-other,speech-other,vinyl decode -j1,1,0.431896583,10122877,10122835,19445916,1,16000
librispeech-test-other/3080,librispeech-test-other,speech-other,vinyl decode -j2,2,0.235553,10122877,10122835,19445916,1,16000
librispeech-test-other/3080,librispeech-test-other,speech-other,vinyl decode -j4,4,0.124473667,10122877,10122835,19445916,1,16000
librispeech-test-other/3080,librispeech-test-other,speech-other,vinyl decode -j8,8,0.088583792,10122877,10122835,19445916,1,16000
librispeech-test-other/3080,librispeech-test-other,speech-other,flac decode -j1,1,0.10282625,10122877,10122835,19445916,1,16000
librispeech-test-other/3080,librispeech-test-other,speech-other,flac -8 -j1,1,0.216148459,9669443,9660059,19445916,1,16000
librispeech-test-other/3080,librispeech-test-other,speech-other,flac -8 -j2,2,0.1145095,9669443,9660059,19445916,1,16000
librispeech-test-other/3080,librispeech-test-other,speech-other,flac -8 -j4,4,0.061194042,9669443,9660059,19445916,1,16000
librispeech-test-other/3080,librispeech-test-other,speech-other,flac -8 -j8,8,0.049602917,9669443,9660059,19445916,1,16000
librispeech-test-other/3080,librispeech-test-other,speech-other,flac -5 -j1,1,0.124098375,9840307,9830923,19445916,1,16000
librispeech-test-other/3331,librispeech-test-other,speech-other,vinyl -j1,1,1.119003625,11009208,11009166,19350560,1,16000
librispeech-test-other/3331,librispeech-test-other,speech-other,vinyl -j2,2,0.585224042,11009208,11009166,19350560,1,16000
librispeech-test-other/3331,librispeech-test-other,speech-other,vinyl -j4,4,0.299078,11009208,11009166,19350560,1,16000
librispeech-test-other/3331,librispeech-test-other,speech-other,vinyl -j8,8,0.218104459,11009208,11009166,19350560,1,16000
librispeech-test-other/3331,librispeech-test-other,speech-other,vinyl decode -j1,1,0.464042542,11009208,11009166,19350560,1,16000
librispeech-test-other/3331,librispeech-test-other,speech-other,vinyl decode -j2,2,0.251733,11009208,11009166,19350560,1,16000
librispeech-test-other/3331,librispeech-test-other,speech-other,vinyl decode -j4,4,0.132448416,11009208,11009166,19350560,1,16000
librispeech-test-other/3331,librispeech-test-other,speech-other,vinyl decode -j8,8,0.097012583,11009208,11009166,19350560,1,16000
librispeech-test-other/3331,librispeech-test-other,speech-other,flac decode -j1,1,0.106448417,11009208,11009166,19350560,1,16000
librispeech-test-other/3331,librispeech-test-other,speech-other,flac -8 -j1,1,0.220408208,10498740,10489356,19350560,1,16000
librispeech-test-other/3331,librispeech-test-other,speech-other,flac -8 -j2,2,0.127768833,10498740,10489356,19350560,1,16000
librispeech-test-other/3331,librispeech-test-other,speech-other,flac -8 -j4,4,0.061562542,10498740,10489356,19350560,1,16000
librispeech-test-other/3331,librispeech-test-other,speech-other,flac -8 -j8,8,0.050073833,10498740,10489356,19350560,1,16000
librispeech-test-other/3331,librispeech-test-other,speech-other,flac -5 -j1,1,0.12637,10685937,10676553,19350560,1,16000
librispeech-test-other/3528,librispeech-test-other,speech-other,vinyl -j1,1,1.088620041,9528097,9528055,19705120,1,16000
librispeech-test-other/3528,librispeech-test-other,speech-other,vinyl -j2,2,0.570451958,9528097,9528055,19705120,1,16000
librispeech-test-other/3528,librispeech-test-other,speech-other,vinyl -j4,4,0.29402325,9528097,9528055,19705120,1,16000
librispeech-test-other/3528,librispeech-test-other,speech-other,vinyl -j8,8,0.206789333,9528097,9528055,19705120,1,16000
librispeech-test-other/3528,librispeech-test-other,speech-other,vinyl decode -j1,1,0.399592291,9528097,9528055,19705120,1,16000
librispeech-test-other/3528,librispeech-test-other,speech-other,vinyl decode -j2,2,0.219423792,9528097,9528055,19705120,1,16000
librispeech-test-other/3528,librispeech-test-other,speech-other,vinyl decode -j4,4,0.116908167,9528097,9528055,19705120,1,16000
librispeech-test-other/3528,librispeech-test-other,speech-other,vinyl decode -j8,8,0.090625125,9528097,9528055,19705120,1,16000
librispeech-test-other/3528,librispeech-test-other,speech-other,flac decode -j1,1,0.10021475,9528097,9528055,19705120,1,16000
librispeech-test-other/3528,librispeech-test-other,speech-other,flac -8 -j1,1,0.218975,9120191,9110789,19705120,1,16000
librispeech-test-other/3528,librispeech-test-other,speech-other,flac -8 -j2,2,0.116446125,9120191,9110789,19705120,1,16000
librispeech-test-other/3528,librispeech-test-other,speech-other,flac -8 -j4,4,0.063807209,9120191,9110789,19705120,1,16000
librispeech-test-other/3528,librispeech-test-other,speech-other,flac -8 -j8,8,0.053493667,9120191,9110789,19705120,1,16000
librispeech-test-other/3528,librispeech-test-other,speech-other,flac -5 -j1,1,0.126412459,9267210,9257808,19705120,1,16000
librispeech-test-other/3538,librispeech-test-other,speech-other,vinyl -j1,1,1.119803375,10441130,10441088,19263682,1,16000
librispeech-test-other/3538,librispeech-test-other,speech-other,vinyl -j2,2,0.581417292,10441130,10441088,19263682,1,16000
librispeech-test-other/3538,librispeech-test-other,speech-other,vinyl -j4,4,0.302152458,10441130,10441088,19263682,1,16000
librispeech-test-other/3538,librispeech-test-other,speech-other,vinyl -j8,8,0.211285584,10441130,10441088,19263682,1,16000
librispeech-test-other/3538,librispeech-test-other,speech-other,vinyl decode -j1,1,0.450299,10441130,10441088,19263682,1,16000
librispeech-test-other/3538,librispeech-test-other,speech-other,vinyl decode -j2,2,0.242650375,10441130,10441088,19263682,1,16000
librispeech-test-other/3538,librispeech-test-other,speech-other,vinyl decode -j4,4,0.129722958,10441130,10441088,19263682,1,16000
librispeech-test-other/3538,librispeech-test-other,speech-other,vinyl decode -j8,8,0.097213333,10441130,10441088,19263682,1,16000
librispeech-test-other/3538,librispeech-test-other,speech-other,flac decode -j1,1,0.105220958,10441130,10441088,19263682,1,16000
librispeech-test-other/3538,librispeech-test-other,speech-other,flac -8 -j1,1,0.217361792,10027574,10018190,19263682,1,16000
librispeech-test-other/3538,librispeech-test-other,speech-other,flac -8 -j2,2,0.115028083,10027574,10018190,19263682,1,16000
librispeech-test-other/3538,librispeech-test-other,speech-other,flac -8 -j4,4,0.063205958,10027574,10018190,19263682,1,16000
librispeech-test-other/3538,librispeech-test-other,speech-other,flac -8 -j8,8,0.053254625,10027574,10018190,19263682,1,16000
librispeech-test-other/3538,librispeech-test-other,speech-other,flac -5 -j1,1,0.126119,10133407,10124023,19263682,1,16000
librispeech-test-other/367,librispeech-test-other,speech-other,vinyl -j1,1,0.758295334,7933859,7933817,12934560,1,16000
librispeech-test-other/367,librispeech-test-other,speech-other,vinyl -j2,2,0.398528709,7933859,7933817,12934560,1,16000
librispeech-test-other/367,librispeech-test-other,speech-other,vinyl -j4,4,0.206613167,7933859,7933817,12934560,1,16000
librispeech-test-other/367,librispeech-test-other,speech-other,vinyl -j8,8,0.144872,7933859,7933817,12934560,1,16000
librispeech-test-other/367,librispeech-test-other,speech-other,vinyl decode -j1,1,0.303308833,7933859,7933817,12934560,1,16000
librispeech-test-other/367,librispeech-test-other,speech-other,vinyl decode -j2,2,0.163576,7933859,7933817,12934560,1,16000
librispeech-test-other/367,librispeech-test-other,speech-other,vinyl decode -j4,4,0.086860459,7933859,7933817,12934560,1,16000
librispeech-test-other/367,librispeech-test-other,speech-other,vinyl decode -j8,8,0.067124958,7933859,7933817,12934560,1,16000
librispeech-test-other/367,librispeech-test-other,speech-other,flac decode -j1,1,0.07101225,7933859,7933817,12934560,1,16000
librispeech-test-other/367,librispeech-test-other,speech-other,flac -8 -j1,1,0.148643292,7640244,7631220,12934560,1,16000
librispeech-test-other/367,librispeech-test-other,speech-other,flac -8 -j2,2,0.079731208,7640244,7631220,12934560,1,16000
librispeech-test-other/367,librispeech-test-other,speech-other,flac -8 -j4,4,0.043994042,7640244,7631220,12934560,1,16000
librispeech-test-other/367,librispeech-test-other,speech-other,flac -8 -j8,8,0.037531708,7640244,7631220,12934560,1,16000
librispeech-test-other/367,librispeech-test-other,speech-other,flac -5 -j1,1,0.085997417,7721529,7712505,12934560,1,16000
librispeech-test-other/3764,librispeech-test-other,speech-other,vinyl -j1,1,1.103139625,10516881,10516839,19427840,1,16000
librispeech-test-other/3764,librispeech-test-other,speech-other,vinyl -j2,2,0.579673292,10516881,10516839,19427840,1,16000
librispeech-test-other/3764,librispeech-test-other,speech-other,vinyl -j4,4,0.3004135,10516881,10516839,19427840,1,16000
librispeech-test-other/3764,librispeech-test-other,speech-other,vinyl -j8,8,0.205445917,10516881,10516839,19427840,1,16000
librispeech-test-other/3764,librispeech-test-other,speech-other,vinyl decode -j1,1,0.435340167,10516881,10516839,19427840,1,16000
librispeech-test-other/3764,librispeech-test-other,speech-other,vinyl decode -j2,2,0.234901458,10516881,10516839,19427840,1,16000
librispeech-test-other/3764,librispeech-test-other,speech-other,vinyl decode -j4,4,0.127642625,10516881,10516839,19427840,1,16000
librispeech-test-other/3764,librispeech-test-other,speech-other,vinyl decode -j8,8,0.095789416,10516881,10516839,19427840,1,16000
librispeech-test-other/3764,librispeech-test-other,speech-other,flac decode -j1,1,0.103706458,10516881,10516839,19427840,1,16000
librispeech-test-other/3764,librispeech-test-other,speech-other,flac -8 -j1,1,0.217894041,10042821,10033437,19427840,1,16000
librispeech-test-other/3764,librispeech-test-other,speech-other,flac -8 -j2,2,0.115608917,10042821,10033437,19427840,1,16000
librispeech-test-other/3764,librispeech-test-other,speech-other,flac -8 -j4,4,0.063448292,10042821,10033437,19427840,1,16000
librispeech-test-other/3764,librispeech-test-other,speech-other,flac -8 -j8,8,0.0540425,10042821,10033437,19427840,1,16000
librispeech-test-other/3764,librispeech-test-other,speech-other,flac -5 -j1,1,0.125155209,10237349,10227965,19427840,1,16000
librispeech-test-other/3997,librispeech-test-other,speech-other,vinyl -j1,1,1.164637208,10458848,10458806,19786400,1,16000
librispeech-test-other/3997,librispeech-test-other,speech-other,vinyl -j2,2,0.611456458,10458848,10458806,19786400,1,16000
librispeech-test-other/3997,librispeech-test-other,speech-other,vinyl -j4,4,0.310722334,10458848,10458806,19786400,1,16000
librispeech-test-other/3997,librispeech-test-other,speech-other,vinyl -j8,8,0.214594,10458848,10458806,19786400,1,16000
librispeech-test-other/3997,librispeech-test-other,speech-other,vinyl decode -j1,1,0.476223459,10458848,10458806,19786400,1,16000
librispeech-test-other/3997,librispeech-test-other,speech-other,vinyl decode -j2,2,0.256530708,10458848,10458806,19786400,1,16000
librispeech-test-other/3997,librispeech-test-other,speech-other,vinyl decode -j4,4,0.135751542,10458848,10458806,19786400,1,16000
librispeech-test-other/3997,librispeech-test-other,speech-other,vinyl decode -j8,8,0.100364333,10458848,10458806,19786400,1,16000
librispeech-test-other/3997,librispeech-test-other,speech-other,flac decode -j1,1,0.109422292,10458848,10458806,19786400,1,16000
librispeech-test-other/3997,librispeech-test-other,speech-other,flac -8 -j1,1,0.219949334,9988359,9978957,19786400,1,16000
librispeech-test-other/3997,librispeech-test-other,speech-other,flac -8 -j2,2,0.117883292,9988359,9978957,19786400,1,16000
librispeech-test-other/3997,librispeech-test-other,speech-other,flac -8 -j4,4,0.063263125,9988359,9978957,19786400,1,16000
librispeech-test-other/3997,librispeech-test-other,speech-other,flac -8 -j8,8,0.051980125,9988359,9978957,19786400,1,16000
librispeech-test-other/3997,librispeech-test-other,speech-other,flac -5 -j1,1,0.128079416,10137456,10128054,19786400,1,16000
librispeech-test-other/4198,librispeech-test-other,speech-other,vinyl -j1,1,1.086871709,10736911,10736869,19459520,1,16000
librispeech-test-other/4198,librispeech-test-other,speech-other,vinyl -j2,2,0.576891209,10736911,10736869,19459520,1,16000
librispeech-test-other/4198,librispeech-test-other,speech-other,vinyl -j4,4,0.290942375,10736911,10736869,19459520,1,16000
librispeech-test-other/4198,librispeech-test-other,speech-other,vinyl -j8,8,0.192930541,10736911,10736869,19459520,1,16000
librispeech-test-other/4198,librispeech-test-other,speech-other,vinyl decode -j1,1,0.415776667,10736911,10736869,19459520,1,16000
librispeech-test-other/4198,librispeech-test-other,speech-other,vinyl decode -j2,2,0.22806325,10736911,10736869,19459520,1,16000
librispeech-test-other/4198,librispeech-test-other,speech-other,vinyl decode -j4,4,0.120078333,10736911,10736869,19459520,1,16000
librispeech-test-other/4198,librispeech-test-other,speech-other,vinyl decode -j8,8,0.085852667,10736911,10736869,19459520,1,16000
librispeech-test-other/4198,librispeech-test-other,speech-other,flac decode -j1,1,0.099775,10736911,10736869,19459520,1,16000
librispeech-test-other/4198,librispeech-test-other,speech-other,flac -8 -j1,1,0.215718,10306945,10297561,19459520,1,16000
librispeech-test-other/4198,librispeech-test-other,speech-other,flac -8 -j2,2,0.114134833,10306945,10297561,19459520,1,16000
librispeech-test-other/4198,librispeech-test-other,speech-other,flac -8 -j4,4,0.0613665,10306945,10297561,19459520,1,16000
librispeech-test-other/4198,librispeech-test-other,speech-other,flac -8 -j8,8,0.048679041,10306945,10297561,19459520,1,16000
librispeech-test-other/4198,librispeech-test-other,speech-other,flac -5 -j1,1,0.123692459,10455542,10446158,19459520,1,16000
librispeech-test-other/4294,librispeech-test-other,speech-other,vinyl -j1,1,1.100472333,9907255,9907213,19531840,1,16000
librispeech-test-other/4294,librispeech-test-other,speech-other,vinyl -j2,2,0.580338458,9907255,9907213,19531840,1,16000
librispeech-test-other/4294,librispeech-test-other,speech-other,vinyl -j4,4,0.296146917,9907255,9907213,19531840,1,16000
librispeech-test-other/4294,librispeech-test-other,speech-other,vinyl -j8,8,0.193372041,9907255,9907213,19531840,1,16000
librispeech-test-other/4294,librispeech-test-other,speech-other,vinyl decode -j1,1,0.430552125,9907255,9907213,19531840,1,16000
librispeech-test-other/4294,librispeech-test-other,speech-other,vinyl decode -j2,2,0.234958042,9907255,9907213,19531840,1,16000
librispeech-test-other/4294,librispeech-test-other,speech-other,vinyl decode -j4,4,0.123636375,9907255,9907213,19531840,1,16000
librispeech-test-other/4294,librispeech-test-other,speech-other,vinyl decode -j8,8,0.089311875,9907255,9907213,19531840,1,16000
librispeech-test-other/4294,librispeech-test-other,speech-other,flac decode -j1,1,0.102470583,9907255,9907213,19531840,1,16000
librispeech-test-other/4294,librispeech-test-other,speech-other,flac -8 -j1,1,0.218167792,9455237,9445835,19531840,1,16000
librispeech-test-other/4294,librispeech-test-other,speech-other,flac -8 -j2,2,0.115464,9455237,9445835,19531840,1,16000
librispeech-test-other/4294,librispeech-test-other,speech-other,flac -8 -j4,4,0.063647584,9455237,9445835,19531840,1,16000
librispeech-test-other/4294,librispeech-test-other,speech-other,flac -8 -j8,8,0.048992375,9455237,9445835,19531840,1,16000
librispeech-test-other/4294,librispeech-test-other,speech-other,flac -5 -j1,1,0.124363875,9623881,9614479,19531840,1,16000
librispeech-test-other/4350,librispeech-test-other,speech-other,vinyl -j1,1,1.125963459,11259038,11258996,19437760,1,16000
librispeech-test-other/4350,librispeech-test-other,speech-other,vinyl -j2,2,0.593619916,11259038,11258996,19437760,1,16000
librispeech-test-other/4350,librispeech-test-other,speech-other,vinyl -j4,4,0.303045042,11259038,11258996,19437760,1,16000
librispeech-test-other/4350,librispeech-test-other,speech-other,vinyl -j8,8,0.197018375,11259038,11258996,19437760,1,16000
librispeech-test-other/4350,librispeech-test-other,speech-other,vinyl decode -j1,1,0.452094666,11259038,11258996,19437760,1,16000
librispeech-test-other/4350,librispeech-test-other,speech-other,vinyl decode -j2,2,0.246185625,11259038,11258996,19437760,1,16000
librispeech-test-other/4350,librispeech-test-other,speech-other,vinyl decode -j4,4,0.128374916,11259038,11258996,19437760,1,16000
librispeech-test-other/4350,librispeech-test-other,speech-other,vinyl decode -j8,8,0.091627958,11259038,11258996,19437760,1,16000
librispeech-test-other/4350,librispeech-test-other,speech-other,flac decode -j1,1,0.105882916,11259038,11258996,19437760,1,16000
librispeech-test-other/4350,librispeech-test-other,speech-other,flac -8 -j1,1,0.219437875,10804668,10795284,19437760,1,16000
librispeech-test-other/4350,librispeech-test-other,speech-other,flac -8 -j2,2,0.114765083,10804668,10795284,19437760,1,16000
librispeech-test-other/4350,librispeech-test-other,speech-other,flac -8 -j4,4,0.061687333,10804668,10795284,19437760,1,16000
librispeech-test-other/4350,librispeech-test-other,speech-other,flac -8 -j8,8,0.049892041,10804668,10795284,19437760,1,16000
librispeech-test-other/4350,librispeech-test-other,speech-other,flac -5 -j1,1,0.124431667,10934852,10925468,19437760,1,16000
librispeech-test-other/4852,librispeech-test-other,speech-other,vinyl -j1,1,1.153511333,11440671,11440629,19591680,1,16000
librispeech-test-other/4852,librispeech-test-other,speech-other,vinyl -j2,2,0.603210709,11440671,11440629,19591680,1,16000
librispeech-test-other/4852,librispeech-test-other,speech-other,vinyl -j4,4,0.327242333,11440671,11440629,19591680,1,16000
librispeech-test-other/4852,librispeech-test-other,speech-other,vinyl -j8,8,0.235669917,11440671,11440629,19591680,1,16000
librispeech-test-other/4852,librispeech-test-other,speech-other,vinyl decode -j1,1,0.461887042,11440671,11440629,19591680,1,16000
librispeech-test-other/4852,librispeech-test-other,speech-other,vinyl decode -j2,2,0.249175791,11440671,11440629,19591680,1,16000
librispeech-test-other/4852,librispeech-test-other,speech-other,vinyl decode -j4,4,0.136089333,11440671,11440629,19591680,1,16000
librispeech-test-other/4852,librispeech-test-other,speech-other,vinyl decode -j8,8,0.093775375,11440671,11440629,19591680,1,16000
librispeech-test-other/4852,librispeech-test-other,speech-other,flac decode -j1,1,0.106104292,11440671,11440629,19591680,1,16000
librispeech-test-other/4852,librispeech-test-other,speech-other,flac -8 -j1,1,0.218807417,10972925,10963523,19591680,1,16000
librispeech-test-other/4852,librispeech-test-other,speech-other,flac -8 -j2,2,0.120951666,10972925,10963523,19591680,1,16000
librispeech-test-other/4852,librispeech-test-other,speech-other,flac -8 -j4,4,0.063435666,10972925,10963523,19591680,1,16000
librispeech-test-other/4852,librispeech-test-other,speech-other,flac -8 -j8,8,0.052085833,10972925,10963523,19591680,1,16000
librispeech-test-other/4852,librispeech-test-other,speech-other,flac -5 -j1,1,0.129118708,11121901,11112499,19591680,1,16000
librispeech-test-other/533,librispeech-test-other,speech-other,vinyl -j1,1,1.172430417,11979447,11979405,19292642,1,16000
librispeech-test-other/533,librispeech-test-other,speech-other,vinyl -j2,2,0.597819375,11979447,11979405,19292642,1,16000
librispeech-test-other/533,librispeech-test-other,speech-other,vinyl -j4,4,0.304452458,11979447,11979405,19292642,1,16000
librispeech-test-other/533,librispeech-test-other,speech-other,vinyl -j8,8,0.201784875,11979447,11979405,19292642,1,16000
librispeech-test-other/533,librispeech-test-other,speech-other,vinyl decode -j1,1,0.454126333,11979447,11979405,19292642,1,16000
librispeech-test-other/533,librispeech-test-other,speech-other,vinyl decode -j2,2,0.247561584,11979447,11979405,19292642,1,16000
librispeech-test-other/533,librispeech-test-other,speech-other,vinyl decode -j4,4,0.128106875,11979447,11979405,19292642,1,16000
librispeech-test-other/533,librispeech-test-other,speech-other,vinyl decode -j8,8,0.092565667,11979447,11979405,19292642,1,16000
librispeech-test-other/533,librispeech-test-other,speech-other,flac decode -j1,1,0.104368125,11979447,11979405,19292642,1,16000
librispeech-test-other/533,librispeech-test-other,speech-other,flac -8 -j1,1,0.21656625,11576409,11567025,19292642,1,16000
librispeech-test-other/533,librispeech-test-other,speech-other,flac -8 -j2,2,0.114888834,11576409,11567025,19292642,1,16000
librispeech-test-other/533,librispeech-test-other,speech-other,flac -8 -j4,4,0.061929542,11576409,11567025,19292642,1,16000
librispeech-test-other/533,librispeech-test-other,speech-other,flac -8 -j8,8,0.049590417,11576409,11567025,19292642,1,16000
librispeech-test-other/533,librispeech-test-other,speech-other,flac -5 -j1,1,0.124286709,11666733,11657349,19292642,1,16000
librispeech-test-other/5442,librispeech-test-other,speech-other,vinyl -j1,1,1.079808125,9755745,9755703,19416002,1,16000
librispeech-test-other/5442,librispeech-test-other,speech-other,vinyl -j2,2,0.5697545,9755745,9755703,19416002,1,16000
librispeech-test-other/5442,librispeech-test-other,speech-other,vinyl -j4,4,0.289731541,9755745,9755703,19416002,1,16000
librispeech-test-other/5442,librispeech-test-other,speech-other,vinyl -j8,8,0.190641084,9755745,9755703,19416002,1,16000
librispeech-test-other/5442,librispeech-test-other,speech-other,vinyl decode -j1,1,0.42611175,9755745,9755703,19416002,1,16000
librispeech-test-other/5442,librispeech-test-other,speech-other,vinyl decode -j2,2,0.23156475,9755745,9755703,19416002,1,16000
librispeech-test-other/5442,librispeech-test-other,speech-other,vinyl decode -j4,4,0.122134917,9755745,9755703,19416002,1,16000
librispeech-test-other/5442,librispeech-test-other,speech-other,vinyl decode -j8,8,0.087098042,9755745,9755703,19416002,1,16000
librispeech-test-other/5442,librispeech-test-other,speech-other,flac decode -j1,1,0.102143625,9755745,9755703,19416002,1,16000
librispeech-test-other/5442,librispeech-test-other,speech-other,flac -8 -j1,1,0.214503708,9289938,9280554,19416002,1,16000
librispeech-test-other/5442,librispeech-test-other,speech-other,flac -8 -j2,2,0.113494958,9289938,9280554,19416002,1,16000
librispeech-test-other/5442,librispeech-test-other,speech-other,flac -8 -j4,4,0.061071875,9289938,9280554,19416002,1,16000
librispeech-test-other/5442,librispeech-test-other,speech-other,flac -8 -j8,8,0.048570292,9289938,9280554,19416002,1,16000
librispeech-test-other/5442,librispeech-test-other,speech-other,flac -5 -j1,1,0.123697875,9456776,9447392,19416002,1,16000
librispeech-test-other/5484,librispeech-test-other,speech-other,vinyl -j1,1,1.133437708,12180563,12180521,19405598,1,16000
librispeech-test-other/5484,librispeech-test-other,speech-other,vinyl -j2,2,0.598098084,12180563,12180521,19405598,1,16000
librispeech-test-other/5484,librispeech-test-other,speech-other,vinyl -j4,4,0.305022833,12180563,12180521,19405598,1,16000
librispeech-test-other/5484,librispeech-test-other,speech-other,vinyl -j8,8,0.198290916,12180563,12180521,19405598,1,16000
librispeech-test-other/5484,librispeech-test-other,speech-other,vinyl decode -j1,1,0.457977416,12180563,12180521,19405598,1,16000
librispeech-test-other/5484,librispeech-test-other,speech-other,vinyl decode -j2,2,0.243708334,12180563,12180521,19405598,1,16000
librispeech-test-other/5484,librispeech-test-other,speech-other,vinyl decode -j4,4,0.127288333,12180563,12180521,19405598,1,16000
librispeech-test-other/5484,librispeech-test-other,speech-other,vinyl decode -j8,8,0.091020917,12180563,12180521,19405598,1,16000
librispeech-test-other/5484,librispeech-test-other,speech-other,flac decode -j1,1,0.103535,12180563,12180521,19405598,1,16000
librispeech-test-other/5484,librispeech-test-other,speech-other,flac -8 -j1,1,0.218594875,11704586,11695202,19405598,1,16000
librispeech-test-other/5484,librispeech-test-other,speech-other,flac -8 -j2,2,0.115868,11704586,11695202,19405598,1,16000
librispeech-test-other/5484,librispeech-test-other,speech-other,flac -8 -j4,4,0.062217333,11704586,11695202,19405598,1,16000
librispeech-test-other/5484,librispeech-test-other,speech-other,flac -8 -j8,8,0.049564875,11704586,11695202,19405598,1,16000
librispeech-test-other/5484,librispeech-test-other,speech-other,flac -5 -j1,1,0.125499833,11865940,11856556,19405598,1,16000
librispeech-test-other/5764,librispeech-test-other,speech-other,vinyl -j1,1,1.089675458,10056679,10056637,19311520,1,16000
librispeech-test-other/5764,librispeech-test-other,speech-other,vinyl -j2,2,0.57401575,10056679,10056637,19311520,1,16000
librispeech-test-other/5764,librispeech-test-other,speech-other,vinyl -j4,4,0.293626958,10056679,10056637,19311520,1,16000
librispeech-test-other/5764,librispeech-test-other,speech-other,vinyl -j8,8,0.192806459,10056679,10056637,19311520,1,16000
librispeech-test-other/5764,librispeech-test-other,speech-other,vinyl decode -j1,1,0.432366041,10056679,10056637,19311520,1,16000
librispeech-test-other/5764,librispeech-test-other,speech-other,vinyl decode -j2,2,0.23454025,10056679,10056637,19311520,1,16000
librispeech-test-other/5764,librispeech-test-other,speech-other,vinyl decode -j4,4,0.132041167,10056679,10056637,19311520,1,16000
librispeech-test-other/5764,librispeech-test-other,speech-other,vinyl decode -j8,8,0.08774875,10056679,10056637,19311520,1,16000
librispeech-test-other/5764,librispeech-test-other,speech-other,flac decode -j1,1,0.103432,10056679,10056637,19311520,1,16000
librispeech-test-other/5764,librispeech-test-other,speech-other,flac -8 -j1,1,0.216433083,9673650,9664266,19311520,1,16000
librispeech-test-other/5764,librispeech-test-other,speech-other,flac -8 -j2,2,0.114650375,9673650,9664266,19311520,1,16000
librispeech-test-other/5764,librispeech-test-other,speech-other,flac -8 -j4,4,0.065031,9673650,9664266,19311520,1,16000
librispeech-test-other/5764,librispeech-test-other,speech-other,flac -8 -j8,8,0.04937025,9673650,9664266,19311520,1,16000
librispeech-test-other/5764,librispeech-test-other,speech-other,flac -5 -j1,1,0.122632125,9749679,9740295,19311520,1,16000
librispeech-test-other/6070,librispeech-test-other,speech-other,vinyl -j1,1,1.092192791,10478431,10478389,19220798,1,16000
librispeech-test-other/6070,librispeech-test-other,speech-other,vinyl -j2,2,0.573893958,10478431,10478389,19220798,1,16000
librispeech-test-other/6070,librispeech-test-other,speech-other,vinyl -j4,4,0.293255166,10478431,10478389,19220798,1,16000
librispeech-test-other/6070,librispeech-test-other,speech-other,vinyl -j8,8,0.191409292,10478431,10478389,19220798,1,16000
librispeech-test-other/6070,librispeech-test-other,speech-other,vinyl decode -j1,1,0.437848,10478431,10478389,19220798,1,16000
librispeech-test-other/6070,librispeech-test-other,speech-other,vinyl decode -j2,2,0.236686292,10478431,10478389,19220798,1,16000
librispeech-test-other/6070,librispeech-test-other,speech-other,vinyl decode -j4,4,0.12464175,10478431,10478389,19220798,1,16000
librispeech-test-other/6070,librispeech-test-other,speech-other,vinyl decode -j8,8,0.089243833,10478431,10478389,19220798,1,16000
librispeech-test-other/6070,librispeech-test-other,speech-other,flac decode -j1,1,0.102635792,10478431,10478389,19220798,1,16000
librispeech-test-other/6070,librispeech-test-other,speech-other,flac -8 -j1,1,0.215628458,10020128,10010744,19220798,1,16000
librispeech-test-other/6070,librispeech-test-other,speech-other,flac -8 -j2,2,0.114140416,10020128,10010744,19220798,1,16000
librispeech-test-other/6070,librispeech-test-other,speech-other,flac -8 -j4,4,0.060896875,10020128,10010744,19220798,1,16000
librispeech-test-other/6070,librispeech-test-other,speech-other,flac -8 -j8,8,0.048941083,10020128,10010744,19220798,1,16000
librispeech-test-other/6070,librispeech-test-other,speech-other,flac -5 -j1,1,0.12371925,10177607,10168223,19220798,1,16000
librispeech-test-other/6128,librispeech-test-other,speech-other,vinyl -j1,1,1.121395833,11678010,11677968,19445920,1,16000
librispeech-test-other/6128,librispeech-test-other,speech-other,vinyl -j2,2,0.592165792,11678010,11677968,19445920,1,16000
librispeech-test-other/6128,librispeech-test-other,speech-other,vinyl -j4,4,0.305255208,11678010,11677968,19445920,1,16000
librispeech-test-other/6128,librispeech-test-other,speech-other,vinyl -j8,8,0.206657333,11678010,11677968,19445920,1,16000
librispeech-test-other/6128,librispeech-test-other,speech-other,vinyl decode -j1,1,0.448569917,11678010,11677968,19445920,1,16000
librispeech-test-other/6128,librispeech-test-other,speech-other,vinyl decode -j2,2,0.24491275,11678010,11677968,19445920,1,16000
librispeech-test-other/6128,librispeech-test-other,speech-other,vinyl decode -j4,4,0.128197666,11678010,11677968,19445920,1,16000
librispeech-test-other/6128,librispeech-test-other,speech-other,vinyl decode -j8,8,0.09210325,11678010,11677968,19445920,1,16000
librispeech-test-other/6128,librispeech-test-other,speech-other,flac decode -j1,1,0.105558458,11678010,11677968,19445920,1,16000
librispeech-test-other/6128,librispeech-test-other,speech-other,flac -8 -j1,1,0.221387208,11251529,11242145,19445920,1,16000
librispeech-test-other/6128,librispeech-test-other,speech-other,flac -8 -j2,2,0.115447041,11251529,11242145,19445920,1,16000
librispeech-test-other/6128,librispeech-test-other,speech-other,flac -8 -j4,4,0.062331083,11251529,11242145,19445920,1,16000
librispeech-test-other/6128,librispeech-test-other,speech-other,flac -8 -j8,8,0.04994325,11251529,11242145,19445920,1,16000
librispeech-test-other/6128,librispeech-test-other,speech-other,flac -5 -j1,1,0.126003209,11364333,11354949,19445920,1,16000
librispeech-test-other/6432,librispeech-test-other,speech-other,vinyl -j1,1,1.083533417,9999402,9999360,19245600,1,16000
librispeech-test-other/6432,librispeech-test-other,speech-other,vinyl -j2,2,0.572086875,9999402,9999360,19245600,1,16000
librispeech-test-other/6432,librispeech-test-other,speech-other,vinyl -j4,4,0.291961083,9999402,9999360,19245600,1,16000
librispeech-test-other/6432,librispeech-test-other,speech-other,vinyl -j8,8,0.191091375,9999402,9999360,19245600,1,16000
librispeech-test-other/6432,librispeech-test-other,speech-other,vinyl decode -j1,1,0.441100375,9999402,9999360,19245600,1,16000
librispeech-test-other/6432,librispeech-test-other,speech-other,vinyl decode -j2,2,0.239884833,9999402,9999360,19245600,1,16000
librispeech-test-other/6432,librispeech-test-other,speech-other,vinyl decode -j4,4,0.125896166,9999402,9999360,19245600,1,16000
librispeech-test-other/6432,librispeech-test-other,speech-other,vinyl decode -j8,8,0.091188375,9999402,9999360,19245600,1,16000
librispeech-test-other/6432,librispeech-test-other,speech-other,flac decode -j1,1,0.103731834,9999402,9999360,19245600,1,16000
librispeech-test-other/6432,librispeech-test-other,speech-other,flac -8 -j1,1,0.22956475,9477636,9468252,19245600,1,16000
librispeech-test-other/6432,librispeech-test-other,speech-other,flac -8 -j2,2,0.11378325,9477636,9468252,19245600,1,16000
librispeech-test-other/6432,librispeech-test-other,speech-other,flac -8 -j4,4,0.060924125,9477636,9468252,19245600,1,16000
librispeech-test-other/6432,librispeech-test-other,speech-other,flac -8 -j8,8,0.048487792,9477636,9468252,19245600,1,16000
librispeech-test-other/6432,librispeech-test-other,speech-other,flac -5 -j1,1,0.123100375,9722181,9712797,19245600,1,16000
librispeech-test-other/6938,librispeech-test-other,speech-other,vinyl -j1,1,0.296641417,3290906,3290864,5067362,1,16000
librispeech-test-other/6938,librispeech-test-other,speech-other,vinyl -j2,2,0.157955541,3290906,3290864,5067362,1,16000
librispeech-test-other/6938,librispeech-test-other,speech-other,vinyl -j4,4,0.082045042,3290906,3290864,5067362,1,16000
librispeech-test-other/6938,librispeech-test-other,speech-other,vinyl -j8,8,0.054569667,3290906,3290864,5067362,1,16000
librispeech-test-other/6938,librispeech-test-other,speech-other,vinyl decode -j1,1,0.118964291,3290906,3290864,5067362,1,16000
librispeech-test-other/6938,librispeech-test-other,speech-other,vinyl decode -j2,2,0.066539083,3290906,3290864,5067362,1,16000
librispeech-test-other/6938,librispeech-test-other,speech-other,vinyl decode -j4,4,0.035939084,3290906,3290864,5067362,1,16000
librispeech-test-other/6938,librispeech-test-other,speech-other,vinyl decode -j8,8,0.0272595,3290906,3290864,5067362,1,16000
librispeech-test-other/6938,librispeech-test-other,speech-other,flac decode -j1,1,0.029234333,3290906,3290864,5067362,1,16000
librispeech-test-other/6938,librispeech-test-other,speech-other,flac -8 -j1,1,0.059832709,3182494,3173920,5067362,1,16000
librispeech-test-other/6938,librispeech-test-other,speech-other,flac -8 -j2,2,0.032809292,3182494,3173920,5067362,1,16000
librispeech-test-other/6938,librispeech-test-other,speech-other,flac -8 -j4,4,0.018651125,3182494,3173920,5067362,1,16000
librispeech-test-other/6938,librispeech-test-other,speech-other,flac -8 -j8,8,0.016187,3182494,3173920,5067362,1,16000
librispeech-test-other/6938,librispeech-test-other,speech-other,flac -5 -j1,1,0.035573959,3211280,3202706,5067362,1,16000
librispeech-test-other/7018,librispeech-test-other,speech-other,vinyl -j1,1,1.095664917,10733276,10733234,19656958,1,16000
librispeech-test-other/7018,librispeech-test-other,speech-other,vinyl -j2,2,0.5768425,10733276,10733234,19656958,1,16000
librispeech-test-other/7018,librispeech-test-other,speech-other,vinyl -j4,4,0.293645583,10733276,10733234,19656958,1,16000
librispeech-test-other/7018,librispeech-test-other,speech-other,vinyl -j8,8,0.1961575,10733276,10733234,19656958,1,16000
librispeech-test-other/7018,librispeech-test-other,speech-other,vinyl decode -j1,1,0.423061833,10733276,10733234,19656958,1,16000
librispeech-test-other/7018,librispeech-test-other,speech-other,vinyl decode -j2,2,0.2294195,10733276,10733234,19656958,1,16000
librispeech-test-other/7018,librispeech-test-other,speech-other,vinyl decode -j4,4,0.122194083,10733276,10733234,19656958,1,16000
librispeech-test-other/7018,librispeech-test-other,speech-other,vinyl decode -j8,8,0.090644292,10733276,10733234,19656958,1,16000
librispeech-test-other/7018,librispeech-test-other,speech-other,flac decode -j1,1,0.101792417,10733276,10733234,19656958,1,16000
librispeech-test-other/7018,librispeech-test-other,speech-other,flac -8 -j1,1,0.219596291,10334355,10324953,19656958,1,16000
librispeech-test-other/7018,librispeech-test-other,speech-other,flac -8 -j2,2,0.115472083,10334355,10324953,19656958,1,16000
librispeech-test-other/7018,librispeech-test-other,speech-other,flac -8 -j4,4,0.062303167,10334355,10324953,19656958,1,16000
librispeech-test-other/7018,librispeech-test-other,speech-other,flac -8 -j8,8,0.049818167,10334355,10324953,19656958,1,16000
librispeech-test-other/7018,librispeech-test-other,speech-other,flac -5 -j1,1,0.126439958,10452768,10443366,19656958,1,16000
librispeech-test-other/7105,librispeech-test-other,speech-other,vinyl -j1,1,1.109856166,11518461,11518419,19492320,1,16000
librispeech-test-other/7105,librispeech-test-other,speech-other,vinyl -j2,2,0.586429166,11518461,11518419,19492320,1,16000
librispeech-test-other/7105,librispeech-test-other,speech-other,vinyl -j4,4,0.299295292,11518461,11518419,19492320,1,16000
librispeech-test-other/7105,librispeech-test-other,speech-other,vinyl -j8,8,0.196931,11518461,11518419,19492320,1,16000
librispeech-test-other/7105,librispeech-test-other,speech-other,vinyl decode -j1,1,0.435443292,11518461,11518419,19492320,1,16000
librispeech-test-other/7105,librispeech-test-other,speech-other,vinyl decode -j2,2,0.237690792,11518461,11518419,19492320,1,16000
librispeech-test-other/7105,librispeech-test-other,speech-other,vinyl decode -j4,4,0.124105584,11518461,11518419,19492320,1,16000
librispeech-test-other/7105,librispeech-test-other,speech-other,vinyl decode -j8,8,0.089416959,11518461,11518419,19492320,1,16000
librispeech-test-other/7105,librispeech-test-other,speech-other,flac decode -j1,1,0.104045542,11518461,11518419,19492320,1,16000
librispeech-test-other/7105,librispeech-test-other,speech-other,flac -8 -j1,1,0.219381083,11091343,11081959,19492320,1,16000
librispeech-test-other/7105,librispeech-test-other,speech-other,flac -8 -j2,2,0.116132084,11091343,11081959,19492320,1,16000
librispeech-test-other/7105,librispeech-test-other,speech-other,flac -8 -j4,4,0.062115458,11091343,11081959,19492320,1,16000
librispeech-test-other/7105,librispeech-test-other,speech-other,flac -8 -j8,8,0.049976791,11091343,11081959,19492320,1,16000
librispeech-test-other/7105,librispeech-test-other,speech-other,flac -5 -j1,1,0.126204459,11205498,11196114,19492320,1,16000
librispeech-test-other/7902,librispeech-test-other,speech-other,vinyl -j1,1,1.10464625,9982617,9982575,19366080,1,16000
librispeech-test-other/7902,librispeech-test-other,speech-other,vinyl -j2,2,0.586205959,9982617,9982575,19366080,1,16000
librispeech-test-other/7902,librispeech-test-other,speech-other,vinyl -j4,4,0.297836583,9982617,9982575,19366080,1,16000
librispeech-test-other/7902,librispeech-test-other,speech-other,vinyl -j8,8,0.19543975,9982617,9982575,19366080,1,16000
librispeech-test-other/7902,librispeech-test-other,speech-other,vinyl decode -j1,1,0.434398333,9982617,9982575,19366080,1,16000
librispeech-test-other/7902,librispeech-test-other,speech-other,vinyl decode -j2,2,0.2369055,9982617,9982575,19366080,1,16000
librispeech-test-other/7902,librispeech-test-other,speech-other,vinyl decode -j4,4,0.125949125,9982617,9982575,19366080,1,16000
librispeech-test-other/7902,librispeech-test-other,speech-other,vinyl decode -j8,8,0.090445292,9982617,9982575,19366080,1,16000
librispeech-test-other/7902,librispeech-test-other,speech-other,flac decode -j1,1,0.104355333,9982617,9982575,19366080,1,16000
librispeech-test-other/7902,librispeech-test-other,speech-other,flac -8 -j1,1,0.215715209,9555837,9546453,19366080,1,16000
librispeech-test-other/7902,librispeech-test-other,speech-other,flac -8 -j2,2,0.114590834,9555837,9546453,19366080,1,16000
librispeech-test-other/7902,librispeech-test-other,speech-other,flac -8 -j4,4,0.062437917,9555837,9546453,19366080,1,16000
librispeech-test-other/7902,librispeech-test-other,speech-other,flac -8 -j8,8,0.0492815,9555837,9546453,19366080,1,16000
librispeech-test-other/7902,librispeech-test-other,speech-other,flac -5 -j1,1,0.124222208,9711953,9702569,19366080,1,16000
librispeech-test-other/7975,librispeech-test-other,speech-other,vinyl -j1,1,1.089425333,10070827,10070785,19283686,1,16000
librispeech-test-other/7975,librispeech-test-other,speech-other,vinyl -j2,2,0.571888791,10070827,10070785,19283686,1,16000
librispeech-test-other/7975,librispeech-test-other,speech-other,vinyl -j4,4,0.293014125,10070827,10070785,19283686,1,16000
librispeech-test-other/7975,librispeech-test-other,speech-other,vinyl -j8,8,0.195576875,10070827,10070785,19283686,1,16000
librispeech-test-other/7975,librispeech-test-other,speech-other,vinyl decode -j1,1,0.43077525,10070827,10070785,19283686,1,16000
librispeech-test-other/7975,librispeech-test-other,speech-other,vinyl decode -j2,2,0.233618042,10070827,10070785,19283686,1,16000
librispeech-test-other/7975,librispeech-test-other,speech-other,vinyl decode -j4,4,0.124333458,10070827,10070785,19283686,1,16000
librispeech-test-other/7975,librispeech-test-other,speech-other,vinyl decode -j8,8,0.089740208,10070827,10070785,19283686,1,16000
librispeech-test-other/7975,librispeech-test-other,speech-other,flac decode -j1,1,0.103312292,10070827,10070785,19283686,1,16000
librispeech-test-other/7975,librispeech-test-other,speech-other,flac -8 -j1,1,0.217959458,9640057,9630673,19283686,1,16000
librispeech-test-other/7975,librispeech-test-other,speech-other,flac -8 -j2,2,0.115082209,9640057,9630673,19283686,1,16000
librispeech-test-other/7975,librispeech-test-other,speech-other,flac -8 -j4,4,0.062187792,9640057,9630673,19283686,1,16000
librispeech-test-other/7975,librispeech-test-other,speech-other,flac -8 -j8,8,0.050053833,9640057,9630673,19283686,1,16000
librispeech-test-other/7975,librispeech-test-other,speech-other,flac -5 -j1,1,0.125062584,9767520,9758136,19283686,1,16000
librispeech-test-other/8131,librispeech-test-other,speech-other,vinyl -j1,1,1.033850167,9848208,9848166,19285446,1,16000
librispeech-test-other/8131,librispeech-test-other,speech-other,vinyl -j2,2,0.548377167,9848208,9848166,19285446,1,16000
librispeech-test-other/8131,librispeech-test-other,speech-other,vinyl -j4,4,0.278899166,9848208,9848166,19285446,1,16000
librispeech-test-other/8131,librispeech-test-other,speech-other,vinyl -j8,8,0.183431333,9848208,9848166,19285446,1,16000
librispeech-test-other/8131,librispeech-test-other,speech-other,vinyl decode -j1,1,0.384202459,9848208,9848166,19285446,1,16000
librispeech-test-other/8131,librispeech-test-other,speech-other,vinyl decode -j2,2,0.211475417,9848208,9848166,19285446,1,16000
librispeech-test-other/8131,librispeech-test-other,speech-other,vinyl decode -j4,4,0.113471209,9848208,9848166,19285446,1,16000
librispeech-test-other/8131,librispeech-test-other,speech-other,vinyl decode -j8,8,0.082822875,9848208,9848166,19285446,1,16000
librispeech-test-other/8131,librispeech-test-other,speech-other,flac decode -j1,1,0.101474125,9848208,9848166,19285446,1,16000
librispeech-test-other/8131,librispeech-test-other,speech-other,flac -8 -j1,1,0.208895958,9463292,9453908,19285446,1,16000
librispeech-test-other/8131,librispeech-test-other,speech-other,flac -8 -j2,2,0.110559875,9463292,9453908,19285446,1,16000
librispeech-test-other/8131,librispeech-test-other,speech-other,flac -8 -j4,4,0.059679042,9463292,9453908,19285446,1,16000
librispeech-test-other/8131,librispeech-test-other,speech-other,flac -8 -j8,8,0.048664833,9463292,9453908,19285446,1,16000
librispeech-test-other/8131,librispeech-test-other,speech-other,flac -5 -j1,1,0.122143042,9658787,9649403,19285446,1,16000
librispeech-test-other/8188,librispeech-test-other,speech-other,vinyl -j1,1,1.112230583,10232321,10232279,19425440,1,16000
librispeech-test-other/8188,librispeech-test-other,speech-other,vinyl -j2,2,0.610533333,10232321,10232279,19425440,1,16000
librispeech-test-other/8188,librispeech-test-other,speech-other,vinyl -j4,4,0.30106,10232321,10232279,19425440,1,16000
librispeech-test-other/8188,librispeech-test-other,speech-other,vinyl -j8,8,0.196407042,10232321,10232279,19425440,1,16000
librispeech-test-other/8188,librispeech-test-other,speech-other,vinyl decode -j1,1,0.441755208,10232321,10232279,19425440,1,16000
librispeech-test-other/8188,librispeech-test-other,speech-other,vinyl decode -j2,2,0.239716,10232321,10232279,19425440,1,16000
librispeech-test-other/8188,librispeech-test-other,speech-other,vinyl decode -j4,4,0.126822417,10232321,10232279,19425440,1,16000
librispeech-test-other/8188,librispeech-test-other,speech-other,vinyl decode -j8,8,0.090660791,10232321,10232279,19425440,1,16000
librispeech-test-other/8188,librispeech-test-other,speech-other,flac decode -j1,1,0.105951625,10232321,10232279,19425440,1,16000
librispeech-test-other/8188,librispeech-test-other,speech-other,flac -8 -j1,1,0.215494333,9838164,9828780,19425440,1,16000
librispeech-test-other/8188,librispeech-test-other,speech-other,flac -8 -j2,2,0.113728166,9838164,9828780,19425440,1,16000
librispeech-test-other/8188,librispeech-test-other,speech-other,flac -8 -j4,4,0.061348167,9838164,9828780,19425440,1,16000
librispeech-test-other/8188,librispeech-test-other,speech-other,flac -8 -j8,8,0.048895042,9838164,9828780,19425440,1,16000
librispeech-test-other/8188,librispeech-test-other,speech-other,flac -5 -j1,1,0.124198,9921163,9911779,19425440,1,16000
librispeech-test-other/8280,librispeech-test-other,speech-other,vinyl -j1,1,0.922235292,9011748,9011706,15651200,1,16000
librispeech-test-other/8280,librispeech-test-other,speech-other,vinyl -j2,2,0.483143791,9011748,9011706,15651200,1,16000
librispeech-test-other/8280,librispeech-test-other,speech-other,vinyl -j4,4,0.247412959,9011748,9011706,15651200,1,16000
librispeech-test-other/8280,librispeech-test-other,speech-other,vinyl -j8,8,0.160780292,9011748,9011706,15651200,1,16000
librispeech-test-other/8280,librispeech-test-other,speech-other,vinyl decode -j1,1,0.373685875,9011748,9011706,15651200,1,16000
librispeech-test-other/8280,librispeech-test-other,speech-other,vinyl decode -j2,2,0.198072416,9011748,9011706,15651200,1,16000
librispeech-test-other/8280,librispeech-test-other,speech-other,vinyl decode -j4,4,0.103952541,9011748,9011706,15651200,1,16000
librispeech-test-other/8280,librispeech-test-other,speech-other,vinyl decode -j8,8,0.07425675,9011748,9011706,15651200,1,16000
librispeech-test-other/8280,librispeech-test-other,speech-other,flac decode -j1,1,0.08616675,9011748,9011706,15651200,1,16000
librispeech-test-other/8280,librispeech-test-other,speech-other,flac -8 -j1,1,0.179824958,8639173,8630005,15651200,1,16000
librispeech-test-other/8280,librispeech-test-other,speech-other,flac -8 -j2,2,0.094164,8639173,8630005,15651200,1,16000
librispeech-test-other/8280,librispeech-test-other,speech-other,flac -8 -j4,4,0.051891125,8639173,8630005,15651200,1,16000
librispeech-test-other/8280,librispeech-test-other,speech-other,flac -8 -j8,8,0.041190708,8639173,8630005,15651200,1,16000
librispeech-test-other/8280,librispeech-test-other,speech-other,flac -5 -j1,1,0.104002542,8762225,8753057,15651200,1,16000
librispeech-test-other/8461,librispeech-test-other,speech-other,vinyl -j1,1,1.124967416,11101429,11101387,19449916,1,16000
librispeech-test-other/8461,librispeech-test-other,speech-other,vinyl -j2,2,0.595046583,11101429,11101387,19449916,1,16000
librispeech-test-other/8461,librispeech-test-other,speech-other,vinyl -j4,4,0.304000625,11101429,11101387,19449916,1,16000
librispeech-test-other/8461,librispeech-test-other,speech-other,vinyl -j8,8,0.197982,11101429,11101387,19449916,1,16000
librispeech-test-other/8461,librispeech-test-other,speech-other,vinyl decode -j1,1,0.456201625,11101429,11101387,19449916,1,16000
librispeech-test-other/8461,librispeech-test-other,speech-other,vinyl decode -j2,2,0.248248334,11101429,11101387,19449916,1,16000
librispeech-test-other/8461,librispeech-test-other,speech-other,vinyl decode -j4,4,0.130361458,11101429,11101387,19449916,1,16000
librispeech-test-other/8461,librispeech-test-other,speech-other,vinyl decode -j8,8,0.09437875,11101429,11101387,19449916,1,16000
librispeech-test-other/8461,librispeech-test-other,speech-other,flac decode -j1,1,0.106097125,11101429,11101387,19449916,1,16000
librispeech-test-other/8461,librispeech-test-other,speech-other,flac -8 -j1,1,0.217906,10610774,10601390,19449916,1,16000
librispeech-test-other/8461,librispeech-test-other,speech-other,flac -8 -j2,2,0.115456958,10610774,10601390,19449916,1,16000
librispeech-test-other/8461,librispeech-test-other,speech-other,flac -8 -j4,4,0.062351416,10610774,10601390,19449916,1,16000
librispeech-test-other/8461,librispeech-test-other,speech-other,flac -8 -j8,8,0.049280917,10610774,10601390,19449916,1,16000
librispeech-test-other/8461,librispeech-test-other,speech-other,flac -5 -j1,1,0.125645125,10794631,10785247,19449916,1,16000
